Date,CallExpiry,CallStrikePrice,CallClose,PutExpiry,PutStrikePrice,PutClose
01-Jan-2019,31-Jan-2019,8550,1671.65,31-Jan-2019,8550,1.55
01-Jan-2019,31-Jan-2019,8600,2335.7,31-Jan-2019,8600,1.55
01-Jan-2019,31-Jan-2019,8650,1678.4,31-Jan-2019,8650,31.05
01-Jan-2019,31-Jan-2019,8700,1633.15,31-Jan-2019,8700,2
01-Jan-2019,31-Jan-2019,8750,1588.25,31-Jan-2019,8750,38.9
01-Jan-2019,31-Jan-2019,8800,1543.75,31-Jan-2019,8800,43.4
01-Jan-2019,31-Jan-2019,8850,1499.65,31-Jan-2019,8850,48.3
01-Jan-2019,31-Jan-2019,8900,1455.95,31-Jan-2019,8900,3
01-Jan-2019,31-Jan-2019,8950,1412.75,31-Jan-2019,8950,59.4
01-Jan-2019,31-Jan-2019,9000,1942.65,31-Jan-2019,9000,3.6
01-Jan-2019,31-Jan-2019,9050,1327.7,31-Jan-2019,9050,72.4
01-Jan-2019,31-Jan-2019,9100,1710.8,31-Jan-2019,9100,3.65
01-Jan-2019,31-Jan-2019,9150,1244.75,31-Jan-2019,9150,87.45
01-Jan-2019,31-Jan-2019,9200,1712.7,31-Jan-2019,9200,4.4
01-Jan-2019,31-Jan-2019,9250,1164.05,31-Jan-2019,9250,12.95
01-Jan-2019,31-Jan-2019,9300,1608.1,31-Jan-2019,9300,5.05
01-Jan-2019,31-Jan-2019,9350,1085.75,31-Jan-2019,9350,124.45
01-Jan-2019,31-Jan-2019,9400,1453.45,31-Jan-2019,9400,5.15
01-Jan-2019,31-Jan-2019,9450,1010.1,31-Jan-2019,9450,146.8
01-Jan-2019,31-Jan-2019,9500,1450,31-Jan-2019,9500,5.75
01-Jan-2019,31-Jan-2019,9550,937.45,31-Jan-2019,9550,172.2
01-Jan-2019,31-Jan-2019,9600,1353.5,31-Jan-2019,9600,5.95
01-Jan-2019,31-Jan-2019,9650,866.95,31-Jan-2019,9650,199.65
01-Jan-2019,31-Jan-2019,9700,1208.05,31-Jan-2019,9700,6.25
01-Jan-2019,31-Jan-2019,9750,1050,31-Jan-2019,9750,6.55
01-Jan-2019,31-Jan-2019,9800,1080.45,31-Jan-2019,9800,8.1
01-Jan-2019,31-Jan-2019,9850,736.05,31-Jan-2019,9850,10.5
01-Jan-2019,31-Jan-2019,9900,983.25,31-Jan-2019,9900,10.3
01-Jan-2019,31-Jan-2019,9950,675.3,31-Jan-2019,9950,12.55
01-Jan-2019,31-Jan-2019,10000,962.95,31-Jan-2019,10000,13.95
01-Jan-2019,31-Jan-2019,10050,873.35,31-Jan-2019,10050,16.4
01-Jan-2019,31-Jan-2019,10100,821.3,31-Jan-2019,10100,17.75
01-Jan-2019,31-Jan-2019,10150,563.6,31-Jan-2019,10150,18.7
01-Jan-2019,31-Jan-2019,10200,771.7,31-Jan-2019,10200,23.35
01-Jan-2019,31-Jan-2019,10250,525,31-Jan-2019,10250,27.5
01-Jan-2019,31-Jan-2019,10300,684.2,31-Jan-2019,10300,30.9
01-Jan-2019,31-Jan-2019,10350,464.9,31-Jan-2019,10350,35.15
01-Jan-2019,31-Jan-2019,10400,593.45,31-Jan-2019,10400,39.55
01-Jan-2019,31-Jan-2019,10450,530,31-Jan-2019,10450,45.25
01-Jan-2019,31-Jan-2019,10500,506.7,31-Jan-2019,10500,52.15
01-Jan-2019,31-Jan-2019,10550,453.35,31-Jan-2019,10550,60.25
01-Jan-2019,31-Jan-2019,10600,427.05,31-Jan-2019,10600,68.95
01-Jan-2019,31-Jan-2019,10650,385.6,31-Jan-2019,10650,79.55
01-Jan-2019,31-Jan-2019,10700,346.1,31-Jan-2019,10700,90.3
01-Jan-2019,31-Jan-2019,10750,311.7,31-Jan-2019,10750,103.1
01-Jan-2019,31-Jan-2019,10800,276.7,31-Jan-2019,10800,117.8
01-Jan-2019,31-Jan-2019,10850,243.15,31-Jan-2019,10850,134.3
01-Jan-2019,31-Jan-2019,10900,211.25,31-Jan-2019,10900,150.95
01-Jan-2019,31-Jan-2019,10950,183.15,31-Jan-2019,10950,171.4
01-Jan-2019,31-Jan-2019,11000,154.15,31-Jan-2019,11000,192.05
01-Jan-2019,31-Jan-2019,11050,130.4,31-Jan-2019,11050,217.5
01-Jan-2019,31-Jan-2019,11100,106.95,31-Jan-2019,11100,242.25
01-Jan-2019,31-Jan-2019,11150,87.75,31-Jan-2019,11150,273.45
01-Jan-2019,31-Jan-2019,11200,69.8,31-Jan-2019,11200,303.4
01-Jan-2019,31-Jan-2019,11250,55.5,31-Jan-2019,11250,346.35
01-Jan-2019,31-Jan-2019,11300,42.75,31-Jan-2019,11300,374
01-Jan-2019,31-Jan-2019,11350,32.35,31-Jan-2019,11350,466.95
01-Jan-2019,31-Jan-2019,11400,24.5,31-Jan-2019,11400,451.05
01-Jan-2019,31-Jan-2019,11450,18.9,31-Jan-2019,11450,1228.15
01-Jan-2019,31-Jan-2019,11500,13.45,31-Jan-2019,11500,542.75
01-Jan-2019,31-Jan-2019,11550,9.95,31-Jan-2019,11550,643.35
01-Jan-2019,31-Jan-2019,11600,6.65,31-Jan-2019,11600,629.55
01-Jan-2019,31-Jan-2019,11650,134.35,31-Jan-2019,11650,1310.65
01-Jan-2019,31-Jan-2019,11700,3.8,31-Jan-2019,11700,726.65
01-Jan-2019,31-Jan-2019,11750,3.55,31-Jan-2019,11750,1392.9
01-Jan-2019,31-Jan-2019,11800,3,31-Jan-2019,11800,829
01-Jan-2019,31-Jan-2019,11850,3.35,31-Jan-2019,11850,1368.1
01-Jan-2019,31-Jan-2019,11900,2.05,31-Jan-2019,11900,1002.9
01-Jan-2019,31-Jan-2019,11950,2.3,31-Jan-2019,11950,1314.35
01-Jan-2019,31-Jan-2019,12000,1.85,31-Jan-2019,12000,1026.8
01-Jan-2019,31-Jan-2019,12050,1.8,31-Jan-2019,12050,1396.8
01-Jan-2019,31-Jan-2019,12100,1.4,31-Jan-2019,12100,1268.95
01-Jan-2019,31-Jan-2019,12150,4.3,31-Jan-2019,12150,1329.4
01-Jan-2019,31-Jan-2019,12200,1.05,31-Jan-2019,12200,1305.45
01-Jan-2019,31-Jan-2019,12250,42.8,31-Jan-2019,12250,1345.55
01-Jan-2019,31-Jan-2019,12300,1.1,31-Jan-2019,12300,1469
01-Jan-2019,31-Jan-2019,12350,1.5,31-Jan-2019,12350,1355.5
01-Jan-2019,31-Jan-2019,12400,0.7,31-Jan-2019,12400,1429.5
01-Jan-2019,31-Jan-2019,12450,0.4,31-Jan-2019,12450,1465.85
01-Jan-2019,28-Feb-2019,9000,1970,28-Feb-2019,9000,8
01-Jan-2019,28-Feb-2019,9050,1598.25,28-Feb-2019,9050,12.65
01-Jan-2019,28-Feb-2019,9100,1663.6,28-Feb-2019,9100,7.35
01-Jan-2019,28-Feb-2019,9150,1615.85,28-Feb-2019,9150,8.75
01-Jan-2019,28-Feb-2019,9200,1568.3,28-Feb-2019,9200,14
01-Jan-2019,28-Feb-2019,9250,1521,28-Feb-2019,9250,12.2
01-Jan-2019,28-Feb-2019,9300,1649.05,28-Feb-2019,9300,22.05
01-Jan-2019,28-Feb-2019,9350,1693.15,28-Feb-2019,9350,11
01-Jan-2019,28-Feb-2019,9400,1645.9,28-Feb-2019,9400,28.6
01-Jan-2019,28-Feb-2019,9450,1598.9,28-Feb-2019,9450,14.9
01-Jan-2019,28-Feb-2019,9500,1409,28-Feb-2019,9500,17.35
01-Jan-2019,28-Feb-2019,9550,1505.7,28-Feb-2019,9550,19.85
01-Jan-2019,28-Feb-2019,9600,1459.6,28-Feb-2019,9600,20.7
01-Jan-2019,28-Feb-2019,9650,1413.85,28-Feb-2019,9650,26.15
01-Jan-2019,28-Feb-2019,9700,1157.4,28-Feb-2019,9700,23.15
01-Jan-2019,28-Feb-2019,9750,1323.5,28-Feb-2019,9750,33.95
01-Jan-2019,28-Feb-2019,9800,1278.95,28-Feb-2019,9800,30.55
01-Jan-2019,28-Feb-2019,9850,1234.9,28-Feb-2019,9850,43.5
01-Jan-2019,28-Feb-2019,9900,884.4,28-Feb-2019,9900,34.1
01-Jan-2019,28-Feb-2019,9950,1148.35,28-Feb-2019,9950,55.1
01-Jan-2019,28-Feb-2019,10000,940,28-Feb-2019,10000,43.4
01-Jan-2019,28-Feb-2019,10050,1064.15,28-Feb-2019,10050,69
01-Jan-2019,28-Feb-2019,10100,830,28-Feb-2019,10100,50.4
01-Jan-2019,28-Feb-2019,10150,982.45,28-Feb-2019,10150,85.45
01-Jan-2019,28-Feb-2019,10200,730,28-Feb-2019,10200,60.5
01-Jan-2019,28-Feb-2019,10250,903.55,28-Feb-2019,10250,104.75
01-Jan-2019,28-Feb-2019,10300,723.4,28-Feb-2019,10300,70.85
01-Jan-2019,28-Feb-2019,10350,827.75,28-Feb-2019,10350,127.05
01-Jan-2019,28-Feb-2019,10400,550,28-Feb-2019,10400,86.5
01-Jan-2019,28-Feb-2019,10450,755.55,28-Feb-2019,10450,153
01-Jan-2019,28-Feb-2019,10500,586,28-Feb-2019,10500,104.55
01-Jan-2019,28-Feb-2019,10550,686.05,28-Feb-2019,10550,181.65
01-Jan-2019,28-Feb-2019,10600,448,28-Feb-2019,10600,124.95
01-Jan-2019,28-Feb-2019,10650,620.7,28-Feb-2019,10650,214.45
01-Jan-2019,28-Feb-2019,10700,442.7,28-Feb-2019,10700,149.4
01-Jan-2019,28-Feb-2019,10750,464.55,28-Feb-2019,10750,251
01-Jan-2019,28-Feb-2019,10800,370.15,28-Feb-2019,10800,178.6
01-Jan-2019,28-Feb-2019,10850,340.8,28-Feb-2019,10850,201.8
01-Jan-2019,28-Feb-2019,10900,305.9,28-Feb-2019,10900,209.45
01-Jan-2019,28-Feb-2019,10950,447.65,28-Feb-2019,10950,335.8
01-Jan-2019,28-Feb-2019,11000,244.35,28-Feb-2019,11000,242.4
01-Jan-2019,28-Feb-2019,11050,397.8,28-Feb-2019,11050,384.1
01-Jan-2019,28-Feb-2019,11100,192.35,28-Feb-2019,11100,290
01-Jan-2019,28-Feb-2019,11150,160,28-Feb-2019,11150,356.2
01-Jan-2019,28-Feb-2019,11200,147.2,28-Feb-2019,11200,340
01-Jan-2019,28-Feb-2019,11250,309.85,28-Feb-2019,11250,492.45
01-Jan-2019,28-Feb-2019,11300,111.05,28-Feb-2019,11300,480
01-Jan-2019,28-Feb-2019,11350,158.55,28-Feb-2019,11350,552.3
01-Jan-2019,28-Feb-2019,11400,80.3,28-Feb-2019,11400,480
01-Jan-2019,28-Feb-2019,11450,236.85,28-Feb-2019,11450,615.75
01-Jan-2019,28-Feb-2019,11500,56.85,28-Feb-2019,11500,635
01-Jan-2019,28-Feb-2019,11550,205.65,28-Feb-2019,11550,682.7
01-Jan-2019,28-Feb-2019,11600,39.2,28-Feb-2019,11600,717.4
01-Jan-2019,28-Feb-2019,11650,177.7,28-Feb-2019,11650,752.9
01-Jan-2019,28-Feb-2019,11700,25.85,28-Feb-2019,11700,791.3
01-Jan-2019,28-Feb-2019,11750,153.35,28-Feb-2019,11750,826.7
01-Jan-2019,28-Feb-2019,11800,17.25,28-Feb-2019,11800,864.05
01-Jan-2019,28-Feb-2019,11850,131,28-Feb-2019,11850,902.5
01-Jan-2019,28-Feb-2019,11900,12.3,28-Feb-2019,11900,941.6
01-Jan-2019,28-Feb-2019,11950,111.65,28-Feb-2019,11950,981.3
01-Jan-2019,28-Feb-2019,12000,10.8,28-Feb-2019,12000,1051
01-Jan-2019,28-Feb-2019,12050,94.7,28-Feb-2019,12050,1062.5
01-Jan-2019,28-Feb-2019,12100,87.1,28-Feb-2019,12100,1103.95
01-Jan-2019,28-Feb-2019,12150,80,28-Feb-2019,12150,1145.9
01-Jan-2019,28-Feb-2019,12200,73.35,28-Feb-2019,12200,1188.35
01-Jan-2019,28-Feb-2019,12250,67.25,28-Feb-2019,12250,1231.3
01-Jan-2019,28-Feb-2019,12300,61.55,28-Feb-2019,12300,1274.65
01-Jan-2019,28-Feb-2019,12350,56.25,28-Feb-2019,12350,1318.45
01-Jan-2019,28-Feb-2019,12400,7.5,28-Feb-2019,12400,1345.3
01-Jan-2019,28-Feb-2019,12450,0.3,28-Feb-2019,12450,1471.6
01-Jan-2019,28-Mar-2019,7600,3075,28-Mar-2019,7600,1.35
01-Jan-2019,28-Mar-2019,7700,2970.55,28-Mar-2019,7700,7.75
01-Jan-2019,28-Mar-2019,7800,2879.65,28-Mar-2019,7800,9.75
01-Jan-2019,28-Mar-2019,7900,2789.15,28-Mar-2019,7900,3.35
01-Jan-2019,28-Mar-2019,8000,2952.75,28-Mar-2019,8000,2.1
01-Jan-2019,28-Mar-2019,8100,2609.7,28-Mar-2019,8100,18.4
01-Jan-2019,28-Mar-2019,8200,2520.85,28-Mar-2019,8200,22.4
01-Jan-2019,28-Mar-2019,8300,2432.65,28-Mar-2019,8300,27.1
01-Jan-2019,28-Mar-2019,8400,2345.25,28-Mar-2019,8400,32.55
01-Jan-2019,28-Mar-2019,8500,2449.15,28-Mar-2019,8500,5.55
01-Jan-2019,28-Mar-2019,8600,2380,28-Mar-2019,8600,46.1
01-Jan-2019,28-Mar-2019,8700,2261.15,28-Mar-2019,8700,54.4
01-Jan-2019,28-Mar-2019,8800,2005,28-Mar-2019,8800,63.8
01-Jan-2019,28-Mar-2019,8900,1922.75,28-Mar-2019,8900,74.4
01-Jan-2019,28-Mar-2019,9000,1830,28-Mar-2019,9000,16.8
01-Jan-2019,28-Mar-2019,9100,1762.2,28-Mar-2019,9100,99.55
01-Jan-2019,28-Mar-2019,9200,1684.1,28-Mar-2019,9200,33.95
01-Jan-2019,28-Mar-2019,9300,1607.55,28-Mar-2019,9300,130.65
01-Jan-2019,28-Mar-2019,9350,1615.35,28-Mar-2019,9350,13.25
01-Jan-2019,28-Mar-2019,9400,1532.65,28-Mar-2019,9400,148.6
01-Jan-2019,28-Mar-2019,9450,1521.7,28-Mar-2019,9450,17.8
01-Jan-2019,28-Mar-2019,9500,1393,28-Mar-2019,9500,32.55
01-Jan-2019,28-Mar-2019,9550,1429.35,28-Mar-2019,9550,23.6
01-Jan-2019,28-Mar-2019,9600,1388.1,28-Mar-2019,9600,67
01-Jan-2019,28-Mar-2019,9650,1338.45,28-Mar-2019,9650,30.85
01-Jan-2019,28-Mar-2019,9700,1318.9,28-Mar-2019,9700,213.5
01-Jan-2019,28-Mar-2019,9750,1249.25,28-Mar-2019,9750,39.8
01-Jan-2019,28-Mar-2019,9800,1251.25,28-Mar-2019,9800,82
01-Jan-2019,28-Mar-2019,9850,1162.05,28-Mar-2019,9850,50.75
01-Jan-2019,28-Mar-2019,9900,1185.55,28-Mar-2019,9900,171
01-Jan-2019,28-Mar-2019,9950,1077.05,28-Mar-2019,9950,63.9
01-Jan-2019,28-Mar-2019,10000,1060.8,28-Mar-2019,10000,73
01-Jan-2019,28-Mar-2019,10050,994.6,28-Mar-2019,10050,79.6
01-Jan-2019,28-Mar-2019,10100,1060.1,28-Mar-2019,10100,80
01-Jan-2019,28-Mar-2019,10150,914.9,28-Mar-2019,10150,98.05
01-Jan-2019,28-Mar-2019,10200,1000.75,28-Mar-2019,10200,93.55
01-Jan-2019,28-Mar-2019,10250,838.2,28-Mar-2019,10250,119.5
01-Jan-2019,28-Mar-2019,10300,943.55,28-Mar-2019,10300,104.25
01-Jan-2019,28-Mar-2019,10350,765.15,28-Mar-2019,10350,144.6
01-Jan-2019,28-Mar-2019,10400,888.5,28-Mar-2019,10400,123.05
01-Jan-2019,28-Mar-2019,10450,694.7,28-Mar-2019,10450,172.35
01-Jan-2019,28-Mar-2019,10500,643.45,28-Mar-2019,10500,148.4
01-Jan-2019,28-Mar-2019,10550,628.45,28-Mar-2019,10550,204.25
01-Jan-2019,28-Mar-2019,10600,784.85,28-Mar-2019,10600,168.6
01-Jan-2019,28-Mar-2019,10650,566,28-Mar-2019,10650,239.95
01-Jan-2019,28-Mar-2019,10700,736.3,28-Mar-2019,10700,200.15
01-Jan-2019,28-Mar-2019,10750,507.45,28-Mar-2019,10750,279.55
01-Jan-2019,28-Mar-2019,10800,434.35,28-Mar-2019,10800,227
01-Jan-2019,28-Mar-2019,10850,452.85,28-Mar-2019,10850,323.15
01-Jan-2019,28-Mar-2019,10900,367.4,28-Mar-2019,10900,260.3
01-Jan-2019,28-Mar-2019,10950,402.25,28-Mar-2019,10950,370.65
01-Jan-2019,28-Mar-2019,11000,310.85,28-Mar-2019,11000,297.25
01-Jan-2019,28-Mar-2019,11050,355.6,28-Mar-2019,11050,422.2
01-Jan-2019,28-Mar-2019,11100,242.3,28-Mar-2019,11100,393.05
01-Jan-2019,28-Mar-2019,11150,312.9,28-Mar-2019,11150,477.65
01-Jan-2019,28-Mar-2019,11200,203.8,28-Mar-2019,11200,411
01-Jan-2019,28-Mar-2019,11250,274,28-Mar-2019,11250,536.9
01-Jan-2019,28-Mar-2019,11300,163.3,28-Mar-2019,11300,869.45
01-Jan-2019,28-Mar-2019,11350,238.8,28-Mar-2019,11350,599.85
01-Jan-2019,28-Mar-2019,11400,134.25,28-Mar-2019,11400,928.15
01-Jan-2019,28-Mar-2019,11450,207.1,28-Mar-2019,11450,666.35
01-Jan-2019,28-Mar-2019,11500,102.45,28-Mar-2019,11500,579.1
01-Jan-2019,28-Mar-2019,11550,178.8,28-Mar-2019,11550,736.15
01-Jan-2019,28-Mar-2019,11600,76.15,28-Mar-2019,11600,1051.1
01-Jan-2019,28-Mar-2019,11650,154.1,28-Mar-2019,11650,809.6
01-Jan-2019,28-Mar-2019,11700,57.7,28-Mar-2019,11700,825
01-Jan-2019,28-Mar-2019,11750,131.45,28-Mar-2019,11750,885.15
01-Jan-2019,28-Mar-2019,11800,35.05,28-Mar-2019,11800,1181.2
01-Jan-2019,28-Mar-2019,11850,111.9,28-Mar-2019,11850,963.75
01-Jan-2019,28-Mar-2019,11900,31,28-Mar-2019,11900,1248.7
01-Jan-2019,28-Mar-2019,11950,94.75,28-Mar-2019,11950,1044.75
01-Jan-2019,28-Mar-2019,12000,23.75,28-Mar-2019,12000,988.8
01-Jan-2019,28-Mar-2019,12050,79.9,28-Mar-2019,12050,1128.05
01-Jan-2019,28-Mar-2019,12100,18.05,28-Mar-2019,12100,1389.05
01-Jan-2019,28-Mar-2019,12150,67.05,28-Mar-2019,12150,1213.35
01-Jan-2019,28-Mar-2019,12200,25.25,28-Mar-2019,12200,1461.25
01-Jan-2019,28-Mar-2019,12250,55.95,28-Mar-2019,12250,1300.45
01-Jan-2019,28-Mar-2019,12300,225.2,28-Mar-2019,12300,1534.4
01-Jan-2019,28-Mar-2019,12350,49.4,28-Mar-2019,12350,1319.1
01-Jan-2019,28-Mar-2019,12400,16.6,28-Mar-2019,12400,1609.2
01-Jan-2019,28-Mar-2019,12500,8.5,28-Mar-2019,12500,1595
01-Jan-2019,28-Mar-2019,12600,198.75,28-Mar-2019,12600,1690.85
01-Jan-2019,28-Mar-2019,12700,247.75,28-Mar-2019,12700,1808.9
01-Jan-2019,28-Mar-2019,12800,207.95,28-Mar-2019,12800,1822
01-Jan-2019,28-Mar-2019,12900,17,28-Mar-2019,12900,1797.5
01-Jan-2019,28-Mar-2019,13000,2,28-Mar-2019,13000,1931.1
01-Jan-2019,28-Mar-2019,13100,80.35,28-Mar-2019,13100,1680.95
01-Jan-2019,28-Mar-2019,13200,58.4,28-Mar-2019,13200,1645.8
01-Jan-2019,28-Mar-2019,13300,42.5,28-Mar-2019,13300,1719.55
01-Jan-2019,28-Mar-2019,13400,37.3,28-Mar-2019,13400,1741.3
01-Jan-2019,28-Mar-2019,13500,1.25,28-Mar-2019,13500,2520
01-Jan-2019,28-Mar-2019,13600,16.65,28-Mar-2019,13600,1799
01-Jan-2019,28-Mar-2019,13700,23.95,28-Mar-2019,13700,1799.15
01-Jan-2019,28-Mar-2019,13800,19.2,28-Mar-2019,13800,1813.35
01-Jan-2019,28-Mar-2019,13900,19.85,28-Mar-2019,13900,1832.05
01-Jan-2019,28-Mar-2019,14000,1,28-Mar-2019,14000,2924.5
01-Jan-2019,28-Mar-2019,14100,20.7,28-Mar-2019,14100,1832.85
01-Jan-2019,27-Jun-2019,4600,3539.15,27-Jun-2019,4600,71.9
01-Jan-2019,27-Jun-2019,4700,3471.55,27-Jun-2019,4700,80.55
01-Jan-2019,27-Jun-2019,4800,3584.35,27-Jun-2019,4800,28.25
01-Jan-2019,27-Jun-2019,4900,3561.3,27-Jun-2019,4900,24.65
01-Jan-2019,27-Jun-2019,5000,5776,27-Jun-2019,5000,3.05
01-Jan-2019,27-Jun-2019,5100,4218.1,27-Jun-2019,5100,7.9
01-Jan-2019,27-Jun-2019,5200,4155.1,27-Jun-2019,5200,9.3
01-Jan-2019,27-Jun-2019,5300,4092.3,27-Jun-2019,5300,10.85
01-Jan-2019,27-Jun-2019,5400,4029.7,27-Jun-2019,5400,12.6
01-Jan-2019,27-Jun-2019,5500,3967.3,27-Jun-2019,5500,14.55
01-Jan-2019,27-Jun-2019,5600,3905.1,27-Jun-2019,5600,16.75
01-Jan-2019,27-Jun-2019,5700,3843.2,27-Jun-2019,5700,19.2
01-Jan-2019,27-Jun-2019,5800,3781.5,27-Jun-2019,5800,21.9
01-Jan-2019,27-Jun-2019,5900,3720.15,27-Jun-2019,5900,24.9
01-Jan-2019,27-Jun-2019,6000,4813.05,27-Jun-2019,6000,3.05
01-Jan-2019,27-Jun-2019,6100,3598.25,27-Jun-2019,6100,31.8
01-Jan-2019,27-Jun-2019,6200,3537.85,27-Jun-2019,6200,35.75
01-Jan-2019,27-Jun-2019,6300,3477.75,27-Jun-2019,6300,40.05
01-Jan-2019,27-Jun-2019,6400,3418.05,27-Jun-2019,6400,44.7
01-Jan-2019,27-Jun-2019,6500,3358.7,27-Jun-2019,6500,49.75
01-Jan-2019,27-Jun-2019,6600,3299.8,27-Jun-2019,6600,55.2
01-Jan-2019,27-Jun-2019,6700,3241.3,27-Jun-2019,6700,61.05
01-Jan-2019,27-Jun-2019,6800,3183.25,27-Jun-2019,6800,67.35
01-Jan-2019,27-Jun-2019,6900,3125.65,27-Jun-2019,6900,74.15
01-Jan-2019,27-Jun-2019,7000,3855.45,27-Jun-2019,7000,0.65
01-Jan-2019,27-Jun-2019,7100,3011.85,27-Jun-2019,7100,89.1
01-Jan-2019,27-Jun-2019,7200,1754.2,27-Jun-2019,7200,97.35
01-Jan-2019,27-Jun-2019,7300,2900.05,27-Jun-2019,7300,106.05
01-Jan-2019,27-Jun-2019,7400,2844.95,27-Jun-2019,7400,115.35
01-Jan-2019,27-Jun-2019,7500,2790.4,27-Jun-2019,7500,125.15
01-Jan-2019,27-Jun-2019,7600,1794.25,27-Jun-2019,7600,135.55
01-Jan-2019,27-Jun-2019,7700,2683,27-Jun-2019,7700,43
01-Jan-2019,27-Jun-2019,7800,2670,27-Jun-2019,7800,67.2
01-Jan-2019,27-Jun-2019,7900,2590,27-Jun-2019,7900,24.3
01-Jan-2019,27-Jun-2019,8000,2870,27-Jun-2019,8000,45
01-Jan-2019,27-Jun-2019,8100,2475.2,27-Jun-2019,8100,52
01-Jan-2019,27-Jun-2019,8200,1816.85,27-Jun-2019,8200,120
01-Jan-2019,27-Jun-2019,8300,2375,27-Jun-2019,8300,50
01-Jan-2019,27-Jun-2019,8400,2325.85,27-Jun-2019,8400,89
01-Jan-2019,27-Jun-2019,8500,2277.4,27-Jun-2019,8500,17.15
01-Jan-2019,27-Jun-2019,8600,2040,27-Jun-2019,8600,600
01-Jan-2019,27-Jun-2019,8700,2770,27-Jun-2019,8700,129.75
01-Jan-2019,27-Jun-2019,8800,2136,27-Jun-2019,8800,159.85
01-Jan-2019,27-Jun-2019,8900,2090.1,27-Jun-2019,8900,25.65
01-Jan-2019,27-Jun-2019,9000,2044.95,27-Jun-2019,9000,65.15
01-Jan-2019,27-Jun-2019,9100,2000.4,27-Jun-2019,9100,83.7
01-Jan-2019,27-Jun-2019,9200,1956.55,27-Jun-2019,9200,144
01-Jan-2019,27-Jun-2019,9300,1913.4,27-Jun-2019,9300,308
01-Jan-2019,27-Jun-2019,9400,1870.95,27-Jun-2019,9400,240.4
01-Jan-2019,27-Jun-2019,9500,1829.15,27-Jun-2019,9500,137
01-Jan-2019,27-Jun-2019,9600,1788.05,27-Jun-2019,9600,218
01-Jan-2019,27-Jun-2019,9700,1747.65,27-Jun-2019,9700,236
01-Jan-2019,27-Jun-2019,9800,1707.65,27-Jun-2019,9800,198
01-Jan-2019,27-Jun-2019,9900,1668.6,27-Jun-2019,9900,530
01-Jan-2019,27-Jun-2019,10000,1620.95,27-Jun-2019,10000,225.45
01-Jan-2019,27-Jun-2019,10100,1749.95,27-Jun-2019,10100,518.75
01-Jan-2019,27-Jun-2019,10200,1660.55,27-Jun-2019,10200,405.1
01-Jan-2019,27-Jun-2019,10300,1768.3,27-Jun-2019,10300,495
01-Jan-2019,27-Jun-2019,10400,1579.7,27-Jun-2019,10400,391.45
01-Jan-2019,27-Jun-2019,10500,912.3,27-Jun-2019,10500,362.9
01-Jan-2019,27-Jun-2019,10600,1635.8,27-Jun-2019,10600,715
01-Jan-2019,27-Jun-2019,10700,1842.15,27-Jun-2019,10700,760
01-Jan-2019,27-Jun-2019,10800,1036,27-Jun-2019,10800,340
01-Jan-2019,27-Jun-2019,10900,968,27-Jun-2019,10900,871.25
01-Jan-2019,27-Jun-2019,11000,610.3,27-Jun-2019,11000,508.4
01-Jan-2019,27-Jun-2019,11100,1136,27-Jun-2019,11100,973.2
01-Jan-2019,27-Jun-2019,11200,910,27-Jun-2019,11200,916.5
01-Jan-2019,27-Jun-2019,11300,993,27-Jun-2019,11300,470
01-Jan-2019,27-Jun-2019,11400,921,27-Jun-2019,11400,819.85
01-Jan-2019,27-Jun-2019,11500,319.5,27-Jun-2019,11500,806.8
01-Jan-2019,27-Jun-2019,11600,720,27-Jun-2019,11600,543.95
01-Jan-2019,27-Jun-2019,11700,302.3,27-Jun-2019,11700,473.65
01-Jan-2019,27-Jun-2019,11800,665,27-Jun-2019,11800,1157.9
01-Jan-2019,27-Jun-2019,11900,252.75,27-Jun-2019,11900,1096.6
01-Jan-2019,27-Jun-2019,12000,190.75,27-Jun-2019,12000,1072.7
01-Jan-2019,27-Jun-2019,12100,273.5,27-Jun-2019,12100,1184.05
01-Jan-2019,27-Jun-2019,12200,198.35,27-Jun-2019,12200,1156.45
01-Jan-2019,27-Jun-2019,12300,207.65,27-Jun-2019,12300,1141
01-Jan-2019,27-Jun-2019,12400,202.1,27-Jun-2019,12400,1197.65
01-Jan-2019,27-Jun-2019,12500,90,27-Jun-2019,12500,1165.2
01-Jan-2019,27-Jun-2019,12600,219.75,27-Jun-2019,12600,1335.25
01-Jan-2019,27-Jun-2019,12700,240.6,27-Jun-2019,12700,1370.4
01-Jan-2019,27-Jun-2019,12800,208,27-Jun-2019,12800,1361.75
01-Jan-2019,27-Jun-2019,12900,199.95,27-Jun-2019,12900,1367
01-Jan-2019,27-Jun-2019,13000,49,27-Jun-2019,13000,1407.7
01-Jan-2019,27-Jun-2019,13100,129.1,27-Jun-2019,13100,1366.05
01-Jan-2019,27-Jun-2019,13200,148,27-Jun-2019,13200,1330.75
01-Jan-2019,27-Jun-2019,13300,155.95,27-Jun-2019,13300,1314.9
01-Jan-2019,27-Jun-2019,13400,162.2,27-Jun-2019,13400,1332.2
01-Jan-2019,27-Jun-2019,13500,50,27-Jun-2019,13500,1346.25
01-Jan-2019,27-Jun-2019,13600,52.95,27-Jun-2019,13600,1601.75
01-Jan-2019,27-Jun-2019,13700,69.3,27-Jun-2019,13700,1609.4
01-Jan-2019,27-Jun-2019,13800,20,27-Jun-2019,13800,1615.65
01-Jan-2019,27-Jun-2019,13900,62.45,27-Jun-2019,13900,1632.55
01-Jan-2019,27-Jun-2019,14000,20,27-Jun-2019,14000,1654.6
01-Jan-2019,27-Jun-2019,14100,67.85,27-Jun-2019,14100,1633.1
01-Jan-2019,26-Sep-2019,7600,2973,26-Sep-2019,7600,40.4
01-Jan-2019,26-Sep-2019,7700,3013.35,26-Sep-2019,7700,51.25
01-Jan-2019,26-Sep-2019,7800,3030.8,26-Sep-2019,7800,59.1
01-Jan-2019,26-Sep-2019,7900,3025.7,26-Sep-2019,7900,51.45
01-Jan-2019,26-Sep-2019,8000,2940.3,26-Sep-2019,8000,59
01-Jan-2019,26-Sep-2019,8100,2855.7,26-Sep-2019,8100,67.35
01-Jan-2019,26-Sep-2019,8200,3011.2,26-Sep-2019,8200,27.5
01-Jan-2019,26-Sep-2019,8300,2923.2,26-Sep-2019,8300,32.4
01-Jan-2019,26-Sep-2019,8400,2835.9,26-Sep-2019,8400,37.9
01-Jan-2019,26-Sep-2019,8500,3053.25,26-Sep-2019,8500,7.3
01-Jan-2019,26-Sep-2019,8600,3014.4,26-Sep-2019,8600,9.95
01-Jan-2019,26-Sep-2019,8700,2924,26-Sep-2019,8700,12.25
01-Jan-2019,26-Sep-2019,8800,2834.05,26-Sep-2019,8800,15
01-Jan-2019,26-Sep-2019,8900,2744.6,26-Sep-2019,8900,18.25
01-Jan-2019,26-Sep-2019,9000,2655.7,26-Sep-2019,9000,22.05
01-Jan-2019,26-Sep-2019,9100,2567.4,26-Sep-2019,9100,26.45
01-Jan-2019,26-Sep-2019,9200,2479.8,26-Sep-2019,9200,31.6
01-Jan-2019,26-Sep-2019,9300,2393,26-Sep-2019,9300,37.5
01-Jan-2019,26-Sep-2019,9400,2307,26-Sep-2019,9400,44.25
01-Jan-2019,26-Sep-2019,9500,2222,26-Sep-2019,9500,51.9
01-Jan-2019,26-Sep-2019,9600,2137.95,26-Sep-2019,9600,60.6
01-Jan-2019,26-Sep-2019,9700,2055.05,26-Sep-2019,9700,70.35
01-Jan-2019,26-Sep-2019,9800,1973.25,26-Sep-2019,9800,81.3
01-Jan-2019,26-Sep-2019,9900,1892.8,26-Sep-2019,9900,93.55
01-Jan-2019,26-Sep-2019,10000,1813.65,26-Sep-2019,10000,107.1
01-Jan-2019,26-Sep-2019,10100,1735.9,26-Sep-2019,10100,122.1
01-Jan-2019,26-Sep-2019,10200,1659.65,26-Sep-2019,10200,138.55
01-Jan-2019,26-Sep-2019,10300,1585,26-Sep-2019,10300,156.6
01-Jan-2019,26-Sep-2019,10400,1512,26-Sep-2019,10400,176.35
01-Jan-2019,26-Sep-2019,10500,1440.75,26-Sep-2019,10500,197.75
01-Jan-2019,26-Sep-2019,10600,1371.6,26-Sep-2019,10600,221.35
01-Jan-2019,26-Sep-2019,10700,1303.85,26-Sep-2019,10700,246.3
01-Jan-2019,26-Sep-2019,10800,1238,26-Sep-2019,10800,273.15
01-Jan-2019,26-Sep-2019,10900,1173.75,26-Sep-2019,10900,301.6
01-Jan-2019,26-Sep-2019,11000,1111.9,26-Sep-2019,11000,332.5
01-Jan-2019,26-Sep-2019,11100,1052.1,26-Sep-2019,11100,365.4
01-Jan-2019,26-Sep-2019,11200,994.35,26-Sep-2019,11200,400.35
01-Jan-2019,26-Sep-2019,11300,938.65,26-Sep-2019,11300,437.35
01-Jan-2019,26-Sep-2019,11400,885,26-Sep-2019,11400,476.4
01-Jan-2019,26-Sep-2019,11500,490,26-Sep-2019,11500,517.55
01-Jan-2019,26-Sep-2019,11600,783.95,26-Sep-2019,11600,560.8
01-Jan-2019,26-Sep-2019,11700,736.55,26-Sep-2019,11700,606.1
01-Jan-2019,26-Sep-2019,11800,691.15,26-Sep-2019,11800,653.4
01-Jan-2019,26-Sep-2019,11900,647.8,26-Sep-2019,11900,702.8
01-Jan-2019,26-Sep-2019,12000,330,26-Sep-2019,12000,754.15
01-Jan-2019,26-Sep-2019,12100,567.15,26-Sep-2019,12100,807.55
01-Jan-2019,26-Sep-2019,12200,529.75,26-Sep-2019,12200,862.85
01-Jan-2019,26-Sep-2019,12300,494.25,26-Sep-2019,12300,920.05
01-Jan-2019,26-Sep-2019,12400,460.6,26-Sep-2019,12400,979.1
01-Jan-2019,26-Sep-2019,12500,428.75,26-Sep-2019,12500,1040
01-Jan-2019,26-Sep-2019,12600,398.65,26-Sep-2019,12600,1102.6
01-Jan-2019,26-Sep-2019,12700,370.25,26-Sep-2019,12700,1166.9
01-Jan-2019,26-Sep-2019,12800,343.5,26-Sep-2019,12800,1232.85
01-Jan-2019,26-Sep-2019,12900,318.35,26-Sep-2019,12900,1300.4
01-Jan-2019,26-Sep-2019,13000,295.25,26-Sep-2019,13000,1370
01-Jan-2019,26-Sep-2019,13100,273.15,26-Sep-2019,13100,1440.65
01-Jan-2019,26-Sep-2019,13200,252.5,26-Sep-2019,13200,1512.7
01-Jan-2019,26-Sep-2019,13300,232.65,26-Sep-2019,13300,1585.6
01-Jan-2019,26-Sep-2019,13400,214.55,26-Sep-2019,13400,1660.15
01-Jan-2019,26-Dec-2019,4600,3683.2,26-Dec-2019,4600,2
01-Jan-2019,26-Dec-2019,4700,3618.7,26-Dec-2019,4700,87.15
01-Jan-2019,26-Dec-2019,4800,3730.9,26-Dec-2019,4800,31.15
01-Jan-2019,26-Dec-2019,4900,3704.4,26-Dec-2019,4900,27.3
01-Jan-2019,26-Dec-2019,5000,5730,26-Dec-2019,5000,16.75
01-Jan-2019,26-Dec-2019,5100,3736.3,26-Dec-2019,5100,19.65
01-Jan-2019,26-Dec-2019,5200,4051.4,26-Dec-2019,5200,17.5
01-Jan-2019,26-Dec-2019,5300,4154,26-Dec-2019,5300,223.15
01-Jan-2019,26-Dec-2019,5400,4247.1,26-Dec-2019,5400,283.25
01-Jan-2019,26-Dec-2019,5500,4193.65,26-Dec-2019,5500,22
01-Jan-2019,26-Dec-2019,5600,4191.75,26-Dec-2019,5600,46.8
01-Jan-2019,26-Dec-2019,5700,4451.2,26-Dec-2019,5700,44.15
01-Jan-2019,26-Dec-2019,5800,4419.9,26-Dec-2019,5800,54
01-Jan-2019,26-Dec-2019,5900,4357.05,26-Dec-2019,5900,17.2
01-Jan-2019,26-Dec-2019,6000,4294.4,26-Dec-2019,6000,21
01-Jan-2019,26-Dec-2019,6100,4231.95,26-Dec-2019,6100,22.1
01-Jan-2019,26-Dec-2019,6200,4169.8,26-Dec-2019,6200,24.95
01-Jan-2019,26-Dec-2019,6300,4107.95,26-Dec-2019,6300,48
01-Jan-2019,26-Dec-2019,6400,4046.3,26-Dec-2019,6400,15
01-Jan-2019,26-Dec-2019,6500,3985,26-Dec-2019,6500,66
01-Jan-2019,26-Dec-2019,6600,3924,26-Dec-2019,6600,25
01-Jan-2019,26-Dec-2019,6700,3863.35,26-Dec-2019,6700,17.55
01-Jan-2019,26-Dec-2019,6800,3803,26-Dec-2019,6800,36.5
01-Jan-2019,26-Dec-2019,6900,3743.05,26-Dec-2019,6900,117
01-Jan-2019,26-Dec-2019,7000,3683.4,26-Dec-2019,7000,6
01-Jan-2019,26-Dec-2019,7100,3624.2,26-Dec-2019,7100,64.25
01-Jan-2019,26-Dec-2019,7200,3565.4,26-Dec-2019,7200,70.4
01-Jan-2019,26-Dec-2019,7300,3507,26-Dec-2019,7300,66
01-Jan-2019,26-Dec-2019,7400,3449,26-Dec-2019,7400,84
01-Jan-2019,26-Dec-2019,7500,3391.5,26-Dec-2019,7500,40
01-Jan-2019,26-Dec-2019,7600,3334.4,26-Dec-2019,7600,60.5
01-Jan-2019,26-Dec-2019,7700,3277.8,26-Dec-2019,7700,12
01-Jan-2019,26-Dec-2019,7800,3120,26-Dec-2019,7800,31.6
01-Jan-2019,26-Dec-2019,7900,3166,26-Dec-2019,7900,84
01-Jan-2019,26-Dec-2019,8000,2940,26-Dec-2019,8000,49.55
01-Jan-2019,26-Dec-2019,8100,3056.25,26-Dec-2019,8100,41
01-Jan-2019,26-Dec-2019,8200,3100,26-Dec-2019,8200,100
01-Jan-2019,26-Dec-2019,8300,2948.6,26-Dec-2019,8300,115
01-Jan-2019,26-Dec-2019,8400,2895.55,26-Dec-2019,8400,159
01-Jan-2019,26-Dec-2019,8500,2833,26-Dec-2019,8500,45.35
01-Jan-2019,26-Dec-2019,8600,2086,26-Dec-2019,8600,180
01-Jan-2019,26-Dec-2019,8700,1200,26-Dec-2019,8700,199
01-Jan-2019,26-Dec-2019,8800,1982.9,26-Dec-2019,8800,161
01-Jan-2019,26-Dec-2019,8900,1862.5,26-Dec-2019,8900,122.5
01-Jan-2019,26-Dec-2019,9000,2205,26-Dec-2019,9000,185.3
01-Jan-2019,26-Dec-2019,9100,2223.95,26-Dec-2019,9100,86
01-Jan-2019,26-Dec-2019,9200,2492.15,26-Dec-2019,9200,299
01-Jan-2019,26-Dec-2019,9300,2444.35,26-Dec-2019,9300,235.05
01-Jan-2019,26-Dec-2019,9400,2397.15,26-Dec-2019,9400,266
01-Jan-2019,26-Dec-2019,9500,2350.6,26-Dec-2019,9500,180
01-Jan-2019,26-Dec-2019,9600,2304.65,26-Dec-2019,9600,131
01-Jan-2019,26-Dec-2019,9700,1825,26-Dec-2019,9700,222
01-Jan-2019,26-Dec-2019,9800,2214.6,26-Dec-2019,9800,236
01-Jan-2019,26-Dec-2019,9900,2170.5,26-Dec-2019,9900,593
01-Jan-2019,26-Dec-2019,10000,1400,26-Dec-2019,10000,291.75
01-Jan-2019,26-Dec-2019,10100,2084.25,26-Dec-2019,10100,494.7
01-Jan-2019,26-Dec-2019,10200,1161,26-Dec-2019,10200,198
01-Jan-2019,26-Dec-2019,10300,2000.5,26-Dec-2019,10300,202
01-Jan-2019,26-Dec-2019,10400,1959.55,26-Dec-2019,10400,430
01-Jan-2019,26-Dec-2019,10500,1130,26-Dec-2019,10500,430
01-Jan-2019,26-Dec-2019,10600,1879.3,26-Dec-2019,10600,318.05
01-Jan-2019,26-Dec-2019,10700,1828.9,26-Dec-2019,10700,775
01-Jan-2019,26-Dec-2019,10800,1881.6,26-Dec-2019,10800,700
01-Jan-2019,26-Dec-2019,10900,2271.4,26-Dec-2019,10900,650
01-Jan-2019,26-Dec-2019,11000,814,26-Dec-2019,11000,527.85
01-Jan-2019,26-Dec-2019,11100,1218,26-Dec-2019,11100,775
01-Jan-2019,26-Dec-2019,11200,1499,26-Dec-2019,11200,842.8
01-Jan-2019,26-Dec-2019,11300,1725,26-Dec-2019,11300,660
01-Jan-2019,26-Dec-2019,11400,1647,26-Dec-2019,11400,670
01-Jan-2019,26-Dec-2019,11500,550,26-Dec-2019,11500,770
01-Jan-2019,26-Dec-2019,11600,700,26-Dec-2019,11600,751
01-Jan-2019,26-Dec-2019,11700,1150,26-Dec-2019,11700,550
01-Jan-2019,26-Dec-2019,11800,1060,26-Dec-2019,11800,1140
01-Jan-2019,26-Dec-2019,11900,408,26-Dec-2019,11900,950
01-Jan-2019,26-Dec-2019,12000,363.75,26-Dec-2019,12000,976.65
01-Jan-2019,26-Dec-2019,12100,1160,26-Dec-2019,12100,1008.3
01-Jan-2019,26-Dec-2019,12200,970,26-Dec-2019,12200,960.25
01-Jan-2019,26-Dec-2019,12300,360.25,26-Dec-2019,12300,946.8
01-Jan-2019,26-Dec-2019,12400,351.55,26-Dec-2019,12400,1002.8
01-Jan-2019,26-Dec-2019,12500,815,26-Dec-2019,12500,962.65
01-Jan-2019,26-Dec-2019,12600,378.45,26-Dec-2019,12600,1145.5
01-Jan-2019,26-Dec-2019,12700,411.8,26-Dec-2019,12700,1186.55
01-Jan-2019,26-Dec-2019,12800,371.15,26-Dec-2019,12800,1164.85
01-Jan-2019,26-Dec-2019,12900,361.9,26-Dec-2019,12900,1165.65
01-Jan-2019,26-Dec-2019,13000,103.45,26-Dec-2019,13000,1850
01-Jan-2019,26-Dec-2019,13100,276.05,26-Dec-2019,13100,1124.7
01-Jan-2019,26-Dec-2019,13200,308.7,26-Dec-2019,13200,1093.5
01-Jan-2019,26-Dec-2019,13300,323.9,26-Dec-2019,13300,1076.4
01-Jan-2019,26-Dec-2019,13400,334.65,26-Dec-2019,13400,1091.85
01-Jan-2019,26-Dec-2019,13500,401.45,26-Dec-2019,13500,1121.85
01-Jan-2019,26-Dec-2019,13600,186.25,26-Dec-2019,13600,1280.5
01-Jan-2019,26-Dec-2019,13700,222.05,26-Dec-2019,13700,1304.6
01-Jan-2019,26-Dec-2019,13800,203.45,26-Dec-2019,13800,1296.05
01-Jan-2019,26-Dec-2019,13900,213.3,26-Dec-2019,13900,1312.3
01-Jan-2019,26-Dec-2019,14000,213.5,26-Dec-2019,14000,1331.8
01-Jan-2019,26-Dec-2019,14100,232.15,26-Dec-2019,14100,1317.15
01-Jan-2019,25-Jun-2020,4600,3820.25,25-Jun-2020,4600,83.25
01-Jan-2019,25-Jun-2020,4700,3758.6,25-Jun-2020,4700,92.05
01-Jan-2019,25-Jun-2020,4800,3871.05,25-Jun-2020,4800,33.3
01-Jan-2019,25-Jun-2020,4900,3841.65,25-Jun-2020,4900,29.3
01-Jan-2019,25-Jun-2020,5000,3881.85,25-Jun-2020,5000,18.05
01-Jan-2019,25-Jun-2020,5100,3876.65,25-Jun-2020,5100,21.05
01-Jan-2019,25-Jun-2020,5200,4200.25,25-Jun-2020,5200,233.9
01-Jan-2019,25-Jun-2020,5300,4306.15,25-Jun-2020,5300,231.05
01-Jan-2019,25-Jun-2020,5400,4403.4,25-Jun-2020,5400,292.5
01-Jan-2019,25-Jun-2020,5500,4352.55,25-Jun-2020,5500,310.15
01-Jan-2019,25-Jun-2020,5600,4302.1,25-Jun-2020,5600,328.15
01-Jan-2019,25-Jun-2020,5700,4252.2,25-Jun-2020,5700,346.75
01-Jan-2019,25-Jun-2020,5800,4202.85,25-Jun-2020,5800,365.9
01-Jan-2019,25-Jun-2020,5900,4429.85,25-Jun-2020,5900,22.85
01-Jan-2019,25-Jun-2020,6000,4430,25-Jun-2020,6000,32.05
01-Jan-2019,25-Jun-2020,6100,4367.05,25-Jun-2020,6100,35.8
01-Jan-2019,25-Jun-2020,6200,4304.4,25-Jun-2020,6200,39.85
01-Jan-2019,25-Jun-2020,6300,4242.1,25-Jun-2020,6300,44.2
01-Jan-2019,25-Jun-2020,6400,4180.15,25-Jun-2020,6400,48.9
01-Jan-2019,25-Jun-2020,6500,4118.55,25-Jun-2020,6500,54
01-Jan-2019,25-Jun-2020,6600,4057.3,25-Jun-2020,6600,140
01-Jan-2019,25-Jun-2020,6700,3996.45,25-Jun-2020,6700,44
01-Jan-2019,25-Jun-2020,6800,3936,25-Jun-2020,6800,71.4
01-Jan-2019,25-Jun-2020,6900,3875.95,25-Jun-2020,6900,52
01-Jan-2019,25-Jun-2020,7000,3816.3,25-Jun-2020,7000,32.8
01-Jan-2019,25-Jun-2020,7100,3757.1,25-Jun-2020,7100,44
01-Jan-2019,25-Jun-2020,7200,3698.35,25-Jun-2020,7200,50
01-Jan-2019,25-Jun-2020,7300,3640.05,25-Jun-2020,7300,93
01-Jan-2019,25-Jun-2020,7400,3582.25,25-Jun-2020,7400,57.5
01-Jan-2019,25-Jun-2020,7500,3524.9,25-Jun-2020,7500,101
01-Jan-2019,25-Jun-2020,7600,3468.05,25-Jun-2020,7600,106
01-Jan-2019,25-Jun-2020,7700,3411.7,25-Jun-2020,7700,135
01-Jan-2019,25-Jun-2020,7800,3355.85,25-Jun-2020,7800,165
01-Jan-2019,25-Jun-2020,7900,3300.55,25-Jun-2020,7900,169.35
01-Jan-2019,25-Jun-2020,8000,3245.75,25-Jun-2020,8000,136
01-Jan-2019,25-Jun-2020,8100,3191.5,25-Jun-2020,8100,101.2
01-Jan-2019,25-Jun-2020,8200,3210,25-Jun-2020,8200,136
01-Jan-2019,25-Jun-2020,8300,1888.95,25-Jun-2020,8300,145
01-Jan-2019,25-Jun-2020,8400,3036.1,25-Jun-2020,8400,90
01-Jan-2019,25-Jun-2020,8500,2980.05,25-Jun-2020,8500,102
01-Jan-2019,25-Jun-2020,8600,2966,25-Jun-2020,8600,122
01-Jan-2019,25-Jun-2020,8700,3398.05,25-Jun-2020,8700,119
01-Jan-2019,25-Jun-2020,8800,3152,25-Jun-2020,8800,128
01-Jan-2019,25-Jun-2020,8900,3046,25-Jun-2020,8900,202.6
01-Jan-2019,25-Jun-2020,9000,2690,25-Jun-2020,9000,168.05
01-Jan-2019,25-Jun-2020,9100,2330,25-Jun-2020,9100,220
01-Jan-2019,25-Jun-2020,9200,2534,25-Jun-2020,9200,192
01-Jan-2019,25-Jun-2020,9300,2585,25-Jun-2020,9300,243
01-Jan-2019,25-Jun-2020,9400,1920,25-Jun-2020,9400,329
01-Jan-2019,25-Jun-2020,9500,2250,25-Jun-2020,9500,174.5
01-Jan-2019,25-Jun-2020,9600,1741.15,25-Jun-2020,9600,389.2
01-Jan-2019,25-Jun-2020,9700,2443,25-Jun-2020,9700,304.3
01-Jan-2019,25-Jun-2020,9800,1830,25-Jun-2020,9800,230
01-Jan-2019,25-Jun-2020,9900,1996,25-Jun-2020,9900,273
01-Jan-2019,25-Jun-2020,10000,1755,25-Jun-2020,10000,748
01-Jan-2019,25-Jun-2020,10100,1890,25-Jun-2020,10100,680
01-Jan-2019,25-Jun-2020,10200,2186.35,25-Jun-2020,10200,452
01-Jan-2019,25-Jun-2020,10300,1695,25-Jun-2020,10300,478
01-Jan-2019,25-Jun-2020,10400,1635,25-Jun-2020,10400,500
01-Jan-2019,25-Jun-2020,10500,1925,25-Jun-2020,10500,600.15
01-Jan-2019,25-Jun-2020,10600,1834,25-Jun-2020,10600,895
01-Jan-2019,25-Jun-2020,10700,1470,25-Jun-2020,10700,500
01-Jan-2019,25-Jun-2020,10800,1690,25-Jun-2020,10800,800
01-Jan-2019,25-Jun-2020,10900,1620,25-Jun-2020,10900,815
01-Jan-2019,25-Jun-2020,11000,1405,25-Jun-2020,11000,680
01-Jan-2019,25-Jun-2020,11100,1480,25-Jun-2020,11100,807.35
01-Jan-2019,25-Jun-2020,11200,1245,25-Jun-2020,11200,970
01-Jan-2019,25-Jun-2020,11300,1350,25-Jun-2020,11300,840
01-Jan-2019,25-Jun-2020,11400,1285,25-Jun-2020,11400,760
01-Jan-2019,25-Jun-2020,11500,1240,25-Jun-2020,11500,900
01-Jan-2019,25-Jun-2020,11600,714.35,25-Jun-2020,11600,860
01-Jan-2019,25-Jun-2020,11700,1715,25-Jun-2020,11700,1180
01-Jan-2019,25-Jun-2020,11800,1604,25-Jun-2020,11800,902.65
01-Jan-2019,25-Jun-2020,11900,1230,25-Jun-2020,11900,1000
01-Jan-2019,25-Jun-2020,12000,1476,25-Jun-2020,12000,876
01-Jan-2019,25-Jun-2020,12100,623.9,25-Jun-2020,12100,1057
01-Jan-2019,25-Jun-2020,12200,521.05,25-Jun-2020,12200,1114
01-Jan-2019,25-Jun-2020,12300,539.3,25-Jun-2020,12300,1013
01-Jan-2019,25-Jun-2020,12400,526.95,25-Jun-2020,12400,1213
01-Jan-2019,25-Jun-2020,12500,499.6,25-Jun-2020,12500,799.3
01-Jan-2019,25-Jun-2020,12600,560.7,25-Jun-2020,12600,990.05
01-Jan-2019,25-Jun-2020,12700,605.05,25-Jun-2020,12700,1035.9
01-Jan-2019,25-Jun-2020,12800,559.45,25-Jun-2020,12800,1004.3
01-Jan-2019,25-Jun-2020,12900,550.05,25-Jun-2020,12900,1001.9
01-Jan-2019,25-Jun-2020,13000,498.05,25-Jun-2020,13000,1005.85
01-Jan-2019,25-Jun-2020,13100,460.15,25-Jun-2020,13100,933.15
01-Jan-2019,25-Jun-2020,13200,506.25,25-Jun-2020,13200,906.3
01-Jan-2019,25-Jun-2020,13300,529.35,25-Jun-2020,13300,889.05
01-Jan-2019,25-Jun-2020,13400,544.7,25-Jun-2020,13400,903.15
01-Jan-2019,25-Jun-2020,13500,627.8,25-Jun-2020,13500,944.4
01-Jan-2019,25-Jun-2020,13600,379.5,25-Jun-2020,13600,1035.45
01-Jan-2019,25-Jun-2020,13700,430.35,25-Jun-2020,13700,1071.6
01-Jan-2019,25-Jun-2020,13800,407.2,25-Jun-2020,13800,1053
01-Jan-2019,25-Jun-2020,13900,423.85,25-Jun-2020,13900,1068.85
01-Jan-2019,25-Jun-2020,14000,427.25,25-Jun-2020,14000,1087.15
01-Jan-2019,25-Jun-2020,14100,456.9,25-Jun-2020,14100,1079.05
01-Jan-2019,31-Dec-2020,4600,3955.65,31-Dec-2020,4600,86.9
01-Jan-2019,31-Dec-2020,4700,3896.8,31-Dec-2020,4700,95.6
01-Jan-2019,31-Dec-2020,4800,4010.1,31-Dec-2020,4800,34.8
01-Jan-2019,31-Dec-2020,4900,3978.2,31-Dec-2020,4900,30.75
01-Jan-2019,31-Dec-2020,5000,4019.95,31-Dec-2020,5000,18.95
01-Jan-2019,31-Dec-2020,5100,4016.5,31-Dec-2020,5100,22.1
01-Jan-2019,31-Dec-2020,5200,4015.95,31-Dec-2020,5200,34.15
01-Jan-2019,31-Dec-2020,5300,4098.1,31-Dec-2020,5300,13.65
01-Jan-2019,31-Dec-2020,5400,4087.8,31-Dec-2020,5400,20.55
01-Jan-2019,31-Dec-2020,5500,4159.6,31-Dec-2020,5500,109.9
01-Jan-2019,31-Dec-2020,5600,4091.9,31-Dec-2020,5600,8.2
01-Jan-2019,31-Dec-2020,5700,4024.4,31-Dec-2020,5700,9.7
01-Jan-2019,31-Dec-2020,5800,3957.05,31-Dec-2020,5800,11.35
01-Jan-2019,31-Dec-2020,5900,3889.95,31-Dec-2020,5900,13.25
01-Jan-2019,31-Dec-2020,6000,3823.1,31-Dec-2020,6000,15.35
01-Jan-2019,31-Dec-2020,6100,3756.5,31-Dec-2020,6100,17.7
01-Jan-2019,31-Dec-2020,6200,3690.2,31-Dec-2020,6200,20.35
01-Jan-2019,31-Dec-2020,6300,3624.15,31-Dec-2020,6300,23.35
01-Jan-2019,31-Dec-2020,6400,3558.45,31-Dec-2020,6400,26.6
01-Jan-2019,31-Dec-2020,6500,3493.1,31-Dec-2020,6500,30.2
01-Jan-2019,31-Dec-2020,6600,3428.1,31-Dec-2020,6600,34.2
01-Jan-2019,31-Dec-2020,6700,3363.5,31-Dec-2020,6700,46
01-Jan-2019,31-Dec-2020,6800,3299.3,31-Dec-2020,6800,67
01-Jan-2019,31-Dec-2020,6900,3235.5,31-Dec-2020,6900,40
01-Jan-2019,31-Dec-2020,7000,3172.15,31-Dec-2020,7000,54.15
01-Jan-2019,31-Dec-2020,7100,3109.3,31-Dec-2020,7100,60.3
01-Jan-2019,31-Dec-2020,7200,3046.95,31-Dec-2020,7200,70
01-Jan-2019,31-Dec-2020,7300,2985.1,31-Dec-2020,7300,74.05
01-Jan-2019,31-Dec-2020,7400,2923.8,31-Dec-2020,7400,81.7
01-Jan-2019,31-Dec-2020,7500,2863.05,31-Dec-2020,7500,69.25
01-Jan-2019,31-Dec-2020,7600,2802.85,31-Dec-2020,7600,121
01-Jan-2019,31-Dec-2020,7700,2743.3,31-Dec-2020,7700,48
01-Jan-2019,31-Dec-2020,7800,2684.3,31-Dec-2020,7800,54
01-Jan-2019,31-Dec-2020,7900,2626,31-Dec-2020,7900,145
01-Jan-2019,31-Dec-2020,8000,2568.3,31-Dec-2020,8000,157.5
01-Jan-2019,31-Dec-2020,8100,2511.3,31-Dec-2020,8100,161.7
01-Jan-2019,31-Dec-2020,8200,2454.95,31-Dec-2020,8200,188
01-Jan-2019,31-Dec-2020,8300,2399.3,31-Dec-2020,8300,211.7
01-Jan-2019,31-Dec-2020,8400,2344.35,31-Dec-2020,8400,205
01-Jan-2019,31-Dec-2020,8500,2290.15,31-Dec-2020,8500,209
01-Jan-2019,31-Dec-2020,8600,2236.7,31-Dec-2020,8600,223
01-Jan-2019,31-Dec-2020,8700,2183.95,31-Dec-2020,8700,345
01-Jan-2019,31-Dec-2020,8800,2132,31-Dec-2020,8800,255.55
01-Jan-2019,31-Dec-2020,8900,2081.05,31-Dec-2020,8900,273.55
01-Jan-2019,31-Dec-2020,9000,2030.6,31-Dec-2020,9000,235
01-Jan-2019,31-Dec-2020,9100,1980.9,31-Dec-2020,9100,311.4
01-Jan-2019,31-Dec-2020,9200,1932.05,31-Dec-2020,9200,291
01-Jan-2019,31-Dec-2020,9300,1884,31-Dec-2020,9300,352.45
01-Jan-2019,31-Dec-2020,9400,1836.7,31-Dec-2020,9400,374.15
01-Jan-2019,31-Dec-2020,9500,2446,31-Dec-2020,9500,295.5
01-Jan-2019,31-Dec-2020,9600,2525,31-Dec-2020,9600,252
01-Jan-2019,31-Dec-2020,9700,2749,31-Dec-2020,9700,339
01-Jan-2019,31-Dec-2020,9800,2160,31-Dec-2020,9800,340.05
01-Jan-2019,31-Dec-2020,9900,2128,31-Dec-2020,9900,436.5
01-Jan-2019,31-Dec-2020,10000,2120,31-Dec-2020,10000,380
01-Jan-2019,31-Dec-2020,10100,2107,31-Dec-2020,10100,338.6
01-Jan-2019,31-Dec-2020,10200,2445,31-Dec-2020,10200,552
01-Jan-2019,31-Dec-2020,10300,1996,31-Dec-2020,10300,452
01-Jan-2019,31-Dec-2020,10400,1975,31-Dec-2020,10400,658.5
01-Jan-2019,31-Dec-2020,10500,2349.9,31-Dec-2020,10500,572
01-Jan-2019,31-Dec-2020,10600,2285,31-Dec-2020,10600,619.4
01-Jan-2019,31-Dec-2020,10700,2199.5,31-Dec-2020,10700,570
01-Jan-2019,31-Dec-2020,10800,2100,31-Dec-2020,10800,569
01-Jan-2019,31-Dec-2020,10900,2080,31-Dec-2020,10900,669
01-Jan-2019,31-Dec-2020,11000,1845,31-Dec-2020,11000,700
01-Jan-2019,31-Dec-2020,11100,1980,31-Dec-2020,11100,742
01-Jan-2019,31-Dec-2020,11200,1925,31-Dec-2020,11200,698
01-Jan-2019,31-Dec-2020,11300,1859.95,31-Dec-2020,11300,680
01-Jan-2019,31-Dec-2020,11400,1233.1,31-Dec-2020,11400,758
01-Jan-2019,31-Dec-2020,11500,1595,31-Dec-2020,11500,774
01-Jan-2019,31-Dec-2020,11600,913.15,31-Dec-2020,11600,905
01-Jan-2019,31-Dec-2020,11700,839.6,31-Dec-2020,11700,741.15
01-Jan-2019,31-Dec-2020,11800,814.5,31-Dec-2020,11800,890
01-Jan-2019,31-Dec-2020,11900,1325,31-Dec-2020,11900,1012
01-Jan-2019,31-Dec-2020,12000,952.7,31-Dec-2020,12000,835.15
01-Jan-2019,31-Dec-2020,12100,830.55,31-Dec-2020,12100,738.75
01-Jan-2019,31-Dec-2020,12200,721.8,31-Dec-2020,12200,667.8
01-Jan-2019,31-Dec-2020,12300,744.35,31-Dec-2020,12300,658
01-Jan-2019,31-Dec-2020,12400,727.75,31-Dec-2020,12400,710.3
01-Jan-2019,31-Dec-2020,12500,701,31-Dec-2020,12500,661.95
01-Jan-2019,31-Dec-2020,12600,766.05,31-Dec-2020,12600,855.75
01-Jan-2019,31-Dec-2020,12700,820.15,31-Dec-2020,12700,905.1
01-Jan-2019,31-Dec-2020,12800,772.1,31-Dec-2020,12800,866.3
01-Jan-2019,31-Dec-2020,12900,763.4,31-Dec-2020,12900,861.5
01-Jan-2019,31-Dec-2020,13000,714.65,31-Dec-2020,13000,854.5
01-Jan-2019,31-Dec-2020,13100,677.75,31-Dec-2020,13100,773.7
01-Jan-2019,31-Dec-2020,13200,737,31-Dec-2020,13200,751.05
01-Jan-2019,31-Dec-2020,13300,768.45,31-Dec-2020,13300,734.3
01-Jan-2019,31-Dec-2020,13400,788.35,31-Dec-2020,13400,747.05
01-Jan-2019,31-Dec-2020,13500,883.95,31-Dec-2020,13500,795.9
01-Jan-2019,31-Dec-2020,13600,621.6,31-Dec-2020,13600,839
01-Jan-2019,31-Dec-2020,13700,684,31-Dec-2020,13700,883.7
01-Jan-2019,31-Dec-2020,13800,659.25,31-Dec-2020,13800,858
01-Jan-2019,31-Dec-2020,13900,682.95,31-Dec-2020,13900,873.9
01-Jan-2019,31-Dec-2020,14000,689.85,31-Dec-2020,14000,891.35
01-Jan-2019,31-Dec-2020,14100,729.25,31-Dec-2020,14100,888.5
01-Jan-2019,24-Jun-2021,5500,3905.65,24-Jun-2021,5500,79.85
01-Jan-2019,24-Jun-2021,5600,3839.35,24-Jun-2021,5600,88.15
01-Jan-2019,24-Jun-2021,5700,3987.4,24-Jun-2021,5700,95.8
01-Jan-2019,24-Jun-2021,5800,3922.55,24-Jun-2021,5800,104.95
01-Jan-2019,24-Jun-2021,5900,4184.45,24-Jun-2021,5900,27.3
01-Jan-2019,24-Jun-2021,6000,4117.95,24-Jun-2021,6000,35
01-Jan-2019,24-Jun-2021,6100,4051.85,24-Jun-2021,6100,34.75
01-Jan-2019,24-Jun-2021,6200,3986.05,24-Jun-2021,6200,38.95
01-Jan-2019,24-Jun-2021,6300,3920.65,24-Jun-2021,6300,43.55
01-Jan-2019,24-Jun-2021,6400,3855.6,24-Jun-2021,6400,48.55
01-Jan-2019,24-Jun-2021,6500,3791,24-Jun-2021,6500,53.95
01-Jan-2019,24-Jun-2021,6600,3726.85,24-Jun-2021,6600,59.8
01-Jan-2019,24-Jun-2021,6700,3663.1,24-Jun-2021,6700,66.05
01-Jan-2019,24-Jun-2021,6800,3599.8,24-Jun-2021,6800,72.8
01-Jan-2019,24-Jun-2021,6900,3537,24-Jun-2021,6900,80
01-Jan-2019,24-Jun-2021,7000,3474.7,24-Jun-2021,7000,87.7
01-Jan-2019,24-Jun-2021,7100,3412.9,24-Jun-2021,7100,95.9
01-Jan-2019,24-Jun-2021,7200,3351.6,24-Jun-2021,7200,104.65
01-Jan-2019,24-Jun-2021,7300,3290.9,24-Jun-2021,7300,113.95
01-Jan-2019,24-Jun-2021,7400,3230.7,24-Jun-2021,7400,123.75
01-Jan-2019,24-Jun-2021,7500,3171.1,24-Jun-2021,7500,134.15
01-Jan-2019,24-Jun-2021,7600,3112.1,24-Jun-2021,7600,145.15
01-Jan-2019,24-Jun-2021,7700,3053.65,24-Jun-2021,7700,156.75
01-Jan-2019,24-Jun-2021,7800,2995.85,24-Jun-2021,7800,168.95
01-Jan-2019,24-Jun-2021,7900,2938.65,24-Jun-2021,7900,181.75
01-Jan-2019,24-Jun-2021,8000,2882.1,24-Jun-2021,8000,195.2
01-Jan-2019,24-Jun-2021,8100,2826.2,24-Jun-2021,8100,230
01-Jan-2019,24-Jun-2021,8200,2770.9,24-Jun-2021,8200,239
01-Jan-2019,24-Jun-2021,8300,2716.3,24-Jun-2021,8300,248.8
01-Jan-2019,24-Jun-2021,8400,2662.4,24-Jun-2021,8400,197
01-Jan-2019,24-Jun-2021,8500,2609.1,24-Jun-2021,8500,267
01-Jan-2019,24-Jun-2021,8600,2556.8,24-Jun-2021,8600,225
01-Jan-2019,24-Jun-2021,8700,2504.9,24-Jun-2021,8700,290
01-Jan-2019,24-Jun-2021,8800,2453.7,24-Jun-2021,8800,302
01-Jan-2019,24-Jun-2021,8900,2403.2,24-Jun-2021,8900,346.4
01-Jan-2019,24-Jun-2021,9000,2353.4,24-Jun-2021,9000,293.8
01-Jan-2019,24-Jun-2021,9100,2304.3,24-Jun-2021,9100,232
01-Jan-2019,24-Jun-2021,9200,2255.95,24-Jun-2021,9200,409.2
01-Jan-2019,24-Jun-2021,9300,2208.3,24-Jun-2021,9300,431.55
01-Jan-2019,24-Jun-2021,9400,2161.35,24-Jun-2021,9400,454.6
01-Jan-2019,24-Jun-2021,9500,2115.15,24-Jun-2021,9500,478.45
01-Jan-2019,24-Jun-2021,9600,2069.65,24-Jun-2021,9600,502.95
01-Jan-2019,24-Jun-2021,9700,2024.9,24-Jun-2021,9700,528.2
01-Jan-2019,24-Jun-2021,9800,1980.85,24-Jun-2021,9800,200
01-Jan-2019,24-Jun-2021,9900,1937.55,24-Jun-2021,9900,580.85
01-Jan-2019,24-Jun-2021,10000,1894.65,24-Jun-2021,10000,607.95
01-Jan-2019,24-Jun-2021,10100,2745,24-Jun-2021,10100,446
01-Jan-2019,24-Jun-2021,10200,1811.65,24-Jun-2021,10200,680
01-Jan-2019,24-Jun-2021,10300,2589,24-Jun-2021,10300,529
01-Jan-2019,24-Jun-2021,10400,1948,24-Jun-2021,10400,671
01-Jan-2019,24-Jun-2021,10500,2685,24-Jun-2021,10500,549
01-Jan-2019,24-Jun-2021,10600,2625,24-Jun-2021,10600,624
01-Jan-2019,24-Jun-2021,10700,2168,24-Jun-2021,10700,721
01-Jan-2019,24-Jun-2021,10800,2475,24-Jun-2021,10800,695
01-Jan-2019,24-Jun-2021,10900,2380,24-Jun-2021,10900,620
01-Jan-2019,24-Jun-2021,11000,2290,24-Jun-2021,11000,710
01-Jan-2019,24-Jun-2021,11100,2245,24-Jun-2021,11100,678
01-Jan-2019,24-Jun-2021,11200,2200,24-Jun-2021,11200,760
01-Jan-2019,24-Jun-2021,11300,2130,24-Jun-2021,11300,734
01-Jan-2019,24-Jun-2021,11400,1434.65,24-Jun-2021,11400,860
01-Jan-2019,24-Jun-2021,11500,1117.1,24-Jun-2021,11500,886
01-Jan-2019,24-Jun-2021,11600,1102.35,24-Jun-2021,11600,691
01-Jan-2019,24-Jun-2021,11700,1029.5,24-Jun-2021,11700,855
01-Jan-2019,24-Jun-2021,11800,1006.9,24-Jun-2021,11800,630.55
01-Jan-2019,24-Jun-2021,11900,989.1,24-Jun-2021,11900,1066
01-Jan-2019,24-Jun-2021,12000,1155.1,24-Jun-2021,12000,744.15
01-Jan-2019,24-Jun-2021,12100,1030.5,24-Jun-2021,12100,641.75
01-Jan-2019,24-Jun-2021,12200,919.8,24-Jun-2021,12200,565.85
01-Jan-2019,24-Jun-2021,12300,946.05,24-Jun-2021,12300,557.45
01-Jan-2019,24-Jun-2021,12400,925.35,24-Jun-2021,12400,1168
01-Jan-2019,24-Jun-2021,12500,900.75,24-Jun-2021,12500,557.9
01-Jan-2019,24-Jun-2021,12600,965.8,24-Jun-2021,12600,750.7
01-Jan-2019,24-Jun-2021,12700,1027.5,24-Jun-2021,12700,802.15
01-Jan-2019,24-Jun-2021,12800,979.15,24-Jun-2021,12800,758.75
01-Jan-2019,24-Jun-2021,12900,971.65,24-Jun-2021,12900,752.35
01-Jan-2019,24-Jun-2021,13000,928.2,24-Jun-2021,13000,738.3
01-Jan-2019,24-Jun-2021,13100,895.5,24-Jun-2021,13100,653.65
01-Jan-2019,24-Jun-2021,13200,965.85,24-Jun-2021,13200,634.4
01-Jan-2019,24-Jun-2021,13300,1004.9,24-Jun-2021,13300,618.3
01-Jan-2019,24-Jun-2021,13400,1028.85,24-Jun-2021,13400,630.05
01-Jan-2019,24-Jun-2021,13500,980,24-Jun-2021,13500,682.95
01-Jan-2019,24-Jun-2021,13600,869.6,24-Jun-2021,13600,695.4
01-Jan-2019,24-Jun-2021,13700,939.2,24-Jun-2021,13700,744.65
01-Jan-2019,24-Jun-2021,13800,915.3,24-Jun-2021,13800,715.05
01-Jan-2019,24-Jun-2021,13900,945.05,24-Jun-2021,13900,730.75
01-Jan-2019,24-Jun-2021,14000,955.05,24-Jun-2021,14000,747.35
01-Jan-2019,24-Jun-2021,14100,1002,24-Jun-2021,14100,748.15
01-Jan-2019,30-Dec-2021,5700,4005.4,30-Dec-2021,5700,29.05
01-Jan-2019,30-Dec-2021,5800,3936.95,30-Dec-2021,5800,33
01-Jan-2019,30-Dec-2021,5900,3868.8,30-Dec-2021,5900,37.3
01-Jan-2019,30-Dec-2021,6000,3801.1,30-Dec-2021,6000,42
01-Jan-2019,30-Dec-2021,6100,3733.85,30-Dec-2021,6100,47.15
01-Jan-2019,30-Dec-2021,6200,3667,30-Dec-2021,6200,52.7
01-Jan-2019,30-Dec-2021,6300,3600.65,30-Dec-2021,6300,58.75
01-Jan-2019,30-Dec-2021,6400,3534.75,30-Dec-2021,6400,65.3
01-Jan-2019,30-Dec-2021,6500,3469.4,30-Dec-2021,6500,72.35
01-Jan-2019,30-Dec-2021,6600,3404.55,30-Dec-2021,6600,79.9
01-Jan-2019,30-Dec-2021,6700,3340.3,30-Dec-2021,6700,88
01-Jan-2019,30-Dec-2021,6800,3276.55,30-Dec-2021,6800,96.7
01-Jan-2019,30-Dec-2021,6900,3213.45,30-Dec-2021,6900,106
01-Jan-2019,30-Dec-2021,7000,3150.9,30-Dec-2021,7000,115.85
01-Jan-2019,30-Dec-2021,7100,3089,30-Dec-2021,7100,126.35
01-Jan-2019,30-Dec-2021,7200,3027.7,30-Dec-2021,7200,137.5
01-Jan-2019,30-Dec-2021,7300,2967.1,30-Dec-2021,7300,149.25
01-Jan-2019,30-Dec-2021,7400,2907.15,30-Dec-2021,7400,161.75
01-Jan-2019,30-Dec-2021,7500,2847.85,30-Dec-2021,7500,174.85
01-Jan-2019,30-Dec-2021,7600,2789.3,30-Dec-2021,7600,188.7
01-Jan-2019,30-Dec-2021,7700,2731.4,30-Dec-2021,7700,203.2
01-Jan-2019,30-Dec-2021,7800,2674.25,30-Dec-2021,7800,110
01-Jan-2019,30-Dec-2021,7900,2617.85,30-Dec-2021,7900,234.45
01-Jan-2019,30-Dec-2021,8000,2562.15,30-Dec-2021,8000,251.2
01-Jan-2019,30-Dec-2021,8100,2507.2,30-Dec-2021,8100,268.65
01-Jan-2019,30-Dec-2021,8200,2453.25,30-Dec-2021,8200,287.1
01-Jan-2019,30-Dec-2021,8300,2399.85,30-Dec-2021,8300,306.1
01-Jan-2019,30-Dec-2021,8400,2347.15,30-Dec-2021,8400,325.85
01-Jan-2019,30-Dec-2021,8500,2295.25,30-Dec-2021,8500,346.35
01-Jan-2019,30-Dec-2021,8600,2244.15,30-Dec-2021,8600,367.65
01-Jan-2019,30-Dec-2021,8700,2193.85,30-Dec-2021,8700,389.75
01-Jan-2019,30-Dec-2021,8800,2144.3,30-Dec-2021,8800,412.6
01-Jan-2019,30-Dec-2021,8900,2095.6,30-Dec-2021,8900,436.3
01-Jan-2019,30-Dec-2021,9000,2047.65,30-Dec-2021,9000,460.75
01-Jan-2019,30-Dec-2021,9100,2000.5,30-Dec-2021,9100,274
01-Jan-2019,30-Dec-2021,9200,1954.15,30-Dec-2021,9200,512.1
01-Jan-2019,30-Dec-2021,9300,1908.6,30-Dec-2021,9300,538.95
01-Jan-2019,30-Dec-2021,9400,1863.55,30-Dec-2021,9400,566.3
01-Jan-2019,30-Dec-2021,9500,1819.65,30-Dec-2021,9500,594.8
01-Jan-2019,30-Dec-2021,9600,1776.5,30-Dec-2021,9600,624.1
01-Jan-2019,30-Dec-2021,9700,1734.2,30-Dec-2021,9700,654.15
01-Jan-2019,30-Dec-2021,9800,1692.65,30-Dec-2021,9800,685.05
01-Jan-2019,30-Dec-2021,9900,1651.9,30-Dec-2021,9900,716.7
01-Jan-2019,30-Dec-2021,10000,1611.9,30-Dec-2021,10000,705
01-Jan-2019,30-Dec-2021,10100,1572.7,30-Dec-2021,10100,715
01-Jan-2019,30-Dec-2021,10200,1534.25,30-Dec-2021,10200,720
01-Jan-2019,30-Dec-2021,10300,1496.55,30-Dec-2021,10300,709
01-Jan-2019,30-Dec-2021,10400,1459.65,30-Dec-2021,10400,716
01-Jan-2019,30-Dec-2021,10500,1423.45,30-Dec-2021,10500,809.95
01-Jan-2019,30-Dec-2021,10600,1454.6,30-Dec-2021,10600,570
01-Jan-2019,30-Dec-2021,10700,2460,30-Dec-2021,10700,925
01-Jan-2019,30-Dec-2021,10800,1403.7,30-Dec-2021,10800,704
01-Jan-2019,30-Dec-2021,10900,1307.65,30-Dec-2021,10900,995
01-Jan-2019,30-Dec-2021,11000,1447.2,30-Dec-2021,11000,774.25
01-Jan-2019,30-Dec-2021,11100,1564.4,30-Dec-2021,11100,870.45
01-Jan-2019,30-Dec-2021,11200,1497.95,30-Dec-2021,11200,806.9
01-Jan-2019,30-Dec-2021,11300,1311.35,30-Dec-2021,11300,643.25
01-Jan-2019,30-Dec-2021,11400,1205.75,30-Dec-2021,11400,554.9
01-Jan-2019,30-Dec-2021,11500,1323.15,30-Dec-2021,11500,653.95
01-Jan-2019,30-Dec-2021,11600,2406.1,30-Dec-2021,11600,645.95
01-Jan-2019,30-Dec-2021,11700,1239.4,30-Dec-2021,11700,816.05
01-Jan-2019,30-Dec-2021,11800,1220.2,30-Dec-2021,11800,543.65
01-Jan-2019,30-Dec-2021,11900,1207.85,30-Dec-2021,11900,476
01-Jan-2019,30-Dec-2021,12000,1376.6,30-Dec-2021,12000,658.9
01-Jan-2019,30-Dec-2021,12100,1252.05,30-Dec-2021,12100,553
01-Jan-2019,30-Dec-2021,12200,1142.15,30-Dec-2021,12200,474.6
01-Jan-2019,30-Dec-2021,12300,1172.1,30-Dec-2021,12300,1411
01-Jan-2019,30-Dec-2021,12400,1147,30-Dec-2021,12400,514.4
01-Jan-2019,30-Dec-2021,12500,1126,30-Dec-2021,12500,465.35
01-Jan-2019,30-Dec-2021,12600,1188.2,30-Dec-2021,12600,654.15
01-Jan-2019,30-Dec-2021,12700,1256.7,30-Dec-2021,12700,706.65
01-Jan-2019,30-Dec-2021,12800,1209.6,30-Dec-2021,12800,660.1
01-Jan-2019,30-Dec-2021,12900,1203.85,30-Dec-2021,12900,652.55
01-Jan-2019,30-Dec-2021,13000,1167.9,30-Dec-2021,13000,633.25
01-Jan-2019,30-Dec-2021,13100,1141.85,30-Dec-2021,13100,547.15
01-Jan-2019,30-Dec-2021,13200,1223.15,30-Dec-2021,13200,531
01-Jan-2019,30-Dec-2021,13300,1270.25,30-Dec-2021,13300,515.9
01-Jan-2019,30-Dec-2021,13400,1298.35,30-Dec-2021,13400,526.5
01-Jan-2019,30-Dec-2021,13500,1408.95,30-Dec-2021,13500,581.5
01-Jan-2019,30-Dec-2021,13600,1153.05,30-Dec-2021,13600,571.1
01-Jan-2019,30-Dec-2021,13700,1227.85,30-Dec-2021,13700,622.75
01-Jan-2019,30-Dec-2021,13800,1206.6,30-Dec-2021,13800,590.8
01-Jan-2019,30-Dec-2021,13900,1242.15,30-Dec-2021,13900,606.05
01-Jan-2019,30-Dec-2021,14000,1255.3,30-Dec-2021,14000,621.75
01-Jan-2019,30-Dec-2021,14100,1309.15,30-Dec-2021,14100,625.25
01-Jan-2019,30-Jun-2022,7100,4389,30-Jun-2022,7100,0.2
01-Jan-2019,30-Jun-2022,7200,4317,30-Jun-2022,7200,0.25
01-Jan-2019,30-Jun-2022,7300,4245.05,30-Jun-2022,7300,0.35
01-Jan-2019,30-Jun-2022,7400,4173.1,30-Jun-2022,7400,0.45
01-Jan-2019,30-Jun-2022,7500,4101.15,30-Jun-2022,7500,0.55
01-Jan-2019,30-Jun-2022,7600,4029.3,30-Jun-2022,7600,0.7
01-Jan-2019,30-Jun-2022,7700,3957.4,30-Jun-2022,7700,0.9
01-Jan-2019,30-Jun-2022,7800,3885.6,30-Jun-2022,7800,1.15
01-Jan-2019,30-Jun-2022,7900,3813.85,30-Jun-2022,7900,1.4
01-Jan-2019,30-Jun-2022,8000,3742.15,30-Jun-2022,8000,1.75
01-Jan-2019,30-Jun-2022,8100,3670.55,30-Jun-2022,8100,2.2
01-Jan-2019,30-Jun-2022,8200,3599,30-Jun-2022,8200,2.7
01-Jan-2019,30-Jun-2022,8300,3527.55,30-Jun-2022,8300,3.3
01-Jan-2019,30-Jun-2022,8400,3456.25,30-Jun-2022,8400,4.05
01-Jan-2019,30-Jun-2022,8500,3385.05,30-Jun-2022,8500,4.9
01-Jan-2019,30-Jun-2022,8600,3314,30-Jun-2022,8600,5.9
01-Jan-2019,30-Jun-2022,8700,3243.1,30-Jun-2022,8700,7.05
01-Jan-2019,30-Jun-2022,8800,3172.45,30-Jun-2022,8800,8.4
01-Jan-2019,30-Jun-2022,8900,3101.95,30-Jun-2022,8900,10
01-Jan-2019,30-Jun-2022,9000,3031.7,30-Jun-2022,9000,11.8
01-Jan-2019,30-Jun-2022,9100,2961.75,30-Jun-2022,9100,13.9
01-Jan-2019,30-Jun-2022,9200,2892.05,30-Jun-2022,9200,16.25
01-Jan-2019,30-Jun-2022,9300,2822.7,30-Jun-2022,9300,18.95
01-Jan-2019,30-Jun-2022,9400,2753.7,30-Jun-2022,9400,21.95
01-Jan-2019,30-Jun-2022,9500,2685.1,30-Jun-2022,9500,25.4
01-Jan-2019,30-Jun-2022,9600,2616.85,30-Jun-2022,9600,29.25
01-Jan-2019,30-Jun-2022,9700,2549.1,30-Jun-2022,9700,33.5
01-Jan-2019,30-Jun-2022,9800,2481.85,30-Jun-2022,9800,38.3
01-Jan-2019,30-Jun-2022,9900,2415.1,30-Jun-2022,9900,43.6
01-Jan-2019,30-Jun-2022,10000,2348.9,30-Jun-2022,10000,49.45
01-Jan-2019,30-Jun-2022,10100,2283.3,30-Jun-2022,10100,55.85
01-Jan-2019,30-Jun-2022,10200,2218.3,30-Jun-2022,10200,62.95
01-Jan-2019,30-Jun-2022,10300,2154,30-Jun-2022,10300,70.7
01-Jan-2019,30-Jun-2022,10400,2090.4,30-Jun-2022,10400,79.15
01-Jan-2019,30-Jun-2022,10500,2027.55,30-Jun-2022,10500,88.3
01-Jan-2019,30-Jun-2022,10600,1965.45,30-Jun-2022,10600,98.3
01-Jan-2019,30-Jun-2022,10700,1904.2,30-Jun-2022,10700,109.05
01-Jan-2019,30-Jun-2022,10800,1843.75,30-Jun-2022,10800,120.7
01-Jan-2019,30-Jun-2022,10900,1784.25,30-Jun-2022,10900,133.2
01-Jan-2019,30-Jun-2022,11000,1725.6,30-Jun-2022,11000,146.6
01-Jan-2019,30-Jun-2022,11100,1667.95,30-Jun-2022,11100,161
01-Jan-2019,30-Jun-2022,11200,1611.25,30-Jun-2022,11200,176.35
01-Jan-2019,30-Jun-2022,11300,1555.55,30-Jun-2022,11300,192.7
01-Jan-2019,30-Jun-2022,11400,1500.85,30-Jun-2022,11400,210.05
01-Jan-2019,30-Jun-2022,11500,1447.55,30-Jun-2022,11500,228.8
01-Jan-2019,30-Jun-2022,11600,1395,30-Jun-2022,11600,248.3
01-Jan-2019,30-Jun-2022,11700,1343.5,30-Jun-2022,11700,268.85
01-Jan-2019,30-Jun-2022,11800,1293.15,30-Jun-2022,11800,290.55
01-Jan-2019,30-Jun-2022,11900,1243.6,30-Jun-2022,11900,313.05
01-Jan-2019,30-Jun-2022,12000,1325.5,30-Jun-2022,12000,362.25
01-Jan-2019,30-Jun-2022,12100,1272.9,30-Jun-2022,12100,335.65
01-Jan-2019,30-Jun-2022,12200,1361.45,30-Jun-2022,12200,401.8
01-Jan-2019,30-Jun-2022,12300,1394.7,30-Jun-2022,12300,395.85
01-Jan-2019,30-Jun-2022,12400,1365.4,30-Jun-2022,12400,439.65
01-Jan-2019,30-Jun-2022,12500,1348.65,30-Jun-2022,12500,391.8
01-Jan-2019,30-Jun-2022,12600,1406,30-Jun-2022,12600,574.5
01-Jan-2019,30-Jun-2022,12700,1480.05,30-Jun-2022,12700,627.15
01-Jan-2019,30-Jun-2022,12800,1435.3,30-Jun-2022,12800,578.95
01-Jan-2019,30-Jun-2022,12900,1431.5,30-Jun-2022,12900,570.65
01-Jan-2019,30-Jun-2022,13000,1403.85,30-Jun-2022,13000,548.05
01-Jan-2019,30-Jun-2022,13100,1385.8,30-Jun-2022,13100,462.6
01-Jan-2019,30-Jun-2022,13200,1476.8,30-Jun-2022,13200,448.95
01-Jan-2019,30-Jun-2022,13300,1531.25,30-Jun-2022,13300,434.9
01-Jan-2019,30-Jun-2022,13400,1563.15,30-Jun-2022,13400,444.6
01-Jan-2019,30-Jun-2022,13500,1678.1,30-Jun-2022,13500,499.85
01-Jan-2019,30-Jun-2022,13600,1435.05,30-Jun-2022,13600,474.7
01-Jan-2019,30-Jun-2022,13700,1512.75,30-Jun-2022,13700,526.6
01-Jan-2019,30-Jun-2022,13800,1495.2,30-Jun-2022,13800,493.95
01-Jan-2019,30-Jun-2022,13900,1535.85,30-Jun-2022,13900,508.55
01-Jan-2019,30-Jun-2022,14000,1551.85,30-Jun-2022,14000,523.3
01-Jan-2019,30-Jun-2022,14100,1611.25,30-Jun-2022,14100,528.6
01-Jan-2019,29-Dec-2022,7600,4652.95,29-Dec-2022,7600,39.15
01-Jan-2019,29-Dec-2022,7700,4700.05,29-Dec-2022,7700,51.85
01-Jan-2019,29-Dec-2022,7800,4770.7,29-Dec-2022,7800,24
01-Jan-2019,29-Dec-2022,7900,4702.95,29-Dec-2022,7900,26.8
01-Jan-2019,29-Dec-2022,8000,4648.75,29-Dec-2022,8000,7.05
01-Jan-2019,29-Dec-2022,8100,4627.45,29-Dec-2022,8100,5.8
01-Jan-2019,29-Dec-2022,8200,4556.15,29-Dec-2022,8200,6.8
01-Jan-2019,29-Dec-2022,8300,4484.95,29-Dec-2022,8300,7.85
01-Jan-2019,29-Dec-2022,8400,4413.85,29-Dec-2022,8400,9.1
01-Jan-2019,29-Dec-2022,8500,4342.95,29-Dec-2022,8500,10.5
01-Jan-2019,29-Dec-2022,8600,4272.2,29-Dec-2022,8600,12.05
01-Jan-2019,29-Dec-2022,8700,4201.7,29-Dec-2022,8700,13.8
01-Jan-2019,29-Dec-2022,8800,4131.35,29-Dec-2022,8800,15.75
01-Jan-2019,29-Dec-2022,8900,4061.2,29-Dec-2022,8900,17.95
01-Jan-2019,29-Dec-2022,9000,3991.3,29-Dec-2022,9000,20.35
01-Jan-2019,29-Dec-2022,9100,3921.65,29-Dec-2022,9100,23
01-Jan-2019,29-Dec-2022,9200,3852.3,29-Dec-2022,9200,25.95
01-Jan-2019,29-Dec-2022,9300,3783.2,29-Dec-2022,9300,29.15
01-Jan-2019,29-Dec-2022,9400,3714.45,29-Dec-2022,9400,32.65
01-Jan-2019,29-Dec-2022,9500,3646,29-Dec-2022,9500,36.5
01-Jan-2019,29-Dec-2022,9600,3577.9,29-Dec-2022,9600,40.7
01-Jan-2019,29-Dec-2022,9700,3510.15,29-Dec-2022,9700,45.3
01-Jan-2019,29-Dec-2022,9800,3442.8,29-Dec-2022,9800,50.25
01-Jan-2019,29-Dec-2022,9900,3375.85,29-Dec-2022,9900,55.6
01-Jan-2019,29-Dec-2022,10000,3309.35,29-Dec-2022,10000,61.4
01-Jan-2019,29-Dec-2022,10100,3243.3,29-Dec-2022,10100,67.65
01-Jan-2019,29-Dec-2022,10200,3177.7,29-Dec-2022,10200,74.35
01-Jan-2019,29-Dec-2022,10300,3112.6,29-Dec-2022,10300,81.55
01-Jan-2019,29-Dec-2022,10400,3048,29-Dec-2022,10400,89.25
01-Jan-2019,29-Dec-2022,10500,2983.95,29-Dec-2022,10500,808.5
01-Jan-2019,29-Dec-2022,10600,2920.45,29-Dec-2022,10600,106.3
01-Jan-2019,29-Dec-2022,10700,2857.5,29-Dec-2022,10700,115.65
01-Jan-2019,29-Dec-2022,10800,2795.15,29-Dec-2022,10800,125.6
01-Jan-2019,29-Dec-2022,10900,2733.45,29-Dec-2022,10900,136.15
01-Jan-2019,29-Dec-2022,11000,2672.3,29-Dec-2022,11000,147.35
01-Jan-2019,29-Dec-2022,11100,2611.85,29-Dec-2022,11100,159.2
01-Jan-2019,29-Dec-2022,11200,2552.05,29-Dec-2022,11200,171.7
01-Jan-2019,29-Dec-2022,11300,2492.95,29-Dec-2022,11300,184.85
01-Jan-2019,29-Dec-2022,11400,2434.5,29-Dec-2022,11400,198.75
01-Jan-2019,29-Dec-2022,11500,2376.8,29-Dec-2022,11500,213.35
01-Jan-2019,29-Dec-2022,11600,2319.85,29-Dec-2022,11600,228.65
01-Jan-2019,29-Dec-2022,11700,2263.6,29-Dec-2022,11700,244.7
01-Jan-2019,29-Dec-2022,11800,2208.1,29-Dec-2022,11800,261.55
01-Jan-2019,29-Dec-2022,11900,2153.4,29-Dec-2022,11900,279.1
01-Jan-2019,29-Dec-2022,12000,2099.8,29-Dec-2022,12000,297.8
01-Jan-2019,29-Dec-2022,12100,2046.6,29-Dec-2022,12100,316.9
01-Jan-2019,29-Dec-2022,12200,1994.2,29-Dec-2022,12200,336.85
01-Jan-2019,29-Dec-2022,12300,1942.65,29-Dec-2022,12300,357.55
01-Jan-2019,29-Dec-2022,12400,1891.9,29-Dec-2022,12400,379.15
01-Jan-2019,29-Dec-2022,12500,1842,29-Dec-2022,12500,401.5
01-Jan-2019,29-Dec-2022,12600,1792.9,29-Dec-2022,12600,424.75
01-Jan-2019,29-Dec-2022,12700,1744.25,29-Dec-2022,12700,448.4
01-Jan-2019,29-Dec-2022,12800,1696.95,29-Dec-2022,12800,473.35
01-Jan-2019,29-Dec-2022,12900,1650.45,29-Dec-2022,12900,499.15
01-Jan-2019,29-Dec-2022,13000,1642.25,29-Dec-2022,13000,475.6
01-Jan-2019,29-Dec-2022,13100,1633.65,29-Dec-2022,13100,392.75
01-Jan-2019,29-Dec-2022,13200,1733.55,29-Dec-2022,13200,381.25
01-Jan-2019,29-Dec-2022,13300,1795.05,29-Dec-2022,13300,368.3
01-Jan-2019,29-Dec-2022,13400,1830.6,29-Dec-2022,13400,377.1
01-Jan-2019,29-Dec-2022,13500,1948.55,29-Dec-2022,13500,431.45
01-Jan-2019,29-Dec-2022,13600,1721.75,29-Dec-2022,13600,396.55
01-Jan-2019,29-Dec-2022,13700,1800.95,29-Dec-2022,13700,447.45
01-Jan-2019,29-Dec-2022,13800,1787.9,29-Dec-2022,13800,415
01-Jan-2019,29-Dec-2022,13900,1833.2,29-Dec-2022,13900,428.8
01-Jan-2019,29-Dec-2022,14000,1851.9,29-Dec-2022,14000,442.6
01-Jan-2019,29-Dec-2022,14100,1916.05,29-Dec-2022,14100,449.05
01-Jan-2019,29-Jun-2023,7600,4836.2,29-Jun-2023,7600,160
01-Jan-2019,29-Jun-2023,7700,4912.05,29-Jun-2023,7700,189
01-Jan-2019,29-Jun-2023,7800,4945,29-Jun-2023,7800,201.4
01-Jan-2019,29-Jun-2023,7900,4960.75,29-Jun-2023,7900,172.35
01-Jan-2019,29-Jun-2023,8000,4901.5,29-Jun-2023,8000,183.1
01-Jan-2019,29-Jun-2023,8100,4842.7,29-Jun-2023,8100,194.3
01-Jan-2019,29-Jun-2023,8200,4934.85,29-Jun-2023,8200,4.65
01-Jan-2019,29-Jun-2023,8300,4866.6,29-Jun-2023,8300,5.4
01-Jan-2019,29-Jun-2023,8400,4798.45,29-Jun-2023,8400,6.25
01-Jan-2019,29-Jun-2023,8500,4730.4,29-Jun-2023,8500,7.2
01-Jan-2019,29-Jun-2023,8600,4662.45,29-Jun-2023,8600,8.3
01-Jan-2019,29-Jun-2023,8700,4594.65,29-Jun-2023,8700,9.5
01-Jan-2019,29-Jun-2023,8800,4527,29-Jun-2023,8800,10.85
01-Jan-2019,29-Jun-2023,8900,4459.5,29-Jun-2023,8900,12.35
01-Jan-2019,29-Jun-2023,9000,4392.15,29-Jun-2023,9000,14
01-Jan-2019,29-Jun-2023,9100,4324.95,29-Jun-2023,9100,15.85
01-Jan-2019,29-Jun-2023,9200,4258,29-Jun-2023,9200,17.9
01-Jan-2019,29-Jun-2023,9300,4191.2,29-Jun-2023,9300,20.1
01-Jan-2019,29-Jun-2023,9400,4124.65,29-Jun-2023,9400,22.55
01-Jan-2019,29-Jun-2023,9500,4058.3,29-Jun-2023,9500,25.25
01-Jan-2019,29-Jun-2023,9600,3992.25,29-Jun-2023,9600,28.2
01-Jan-2019,29-Jun-2023,9700,3926.4,29-Jun-2023,9700,31.4
01-Jan-2019,29-Jun-2023,9800,3860.9,29-Jun-2023,9800,34.85
01-Jan-2019,29-Jun-2023,9900,3795.65,29-Jun-2023,9900,38.6
01-Jan-2019,29-Jun-2023,10000,3730.7,29-Jun-2023,10000,42.7
01-Jan-2019,29-Jun-2023,10100,3666.1,29-Jun-2023,10100,47.1
01-Jan-2019,29-Jun-2023,10200,3601.85,29-Jun-2023,10200,51.85
01-Jan-2019,29-Jun-2023,10300,3537.95,29-Jun-2023,10300,56.95
01-Jan-2019,29-Jun-2023,10400,3474.4,29-Jun-2023,10400,62.45
01-Jan-2019,29-Jun-2023,10500,3411.3,29-Jun-2023,10500,68.35
01-Jan-2019,29-Jun-2023,10600,3348.55,29-Jun-2023,10600,74.6
01-Jan-2019,29-Jun-2023,10700,3286.25,29-Jun-2023,10700,81.35
01-Jan-2019,29-Jun-2023,10800,3224.4,29-Jun-2023,10800,88.5
01-Jan-2019,29-Jun-2023,10900,3163,29-Jun-2023,10900,96.1
01-Jan-2019,29-Jun-2023,11000,3125.75,29-Jun-2023,11000,104.2
01-Jan-2019,29-Jun-2023,11100,3041.7,29-Jun-2023,11100,112.8
01-Jan-2019,29-Jun-2023,11200,2981.75,29-Jun-2023,11200,121.9
01-Jan-2019,29-Jun-2023,11300,2922.35,29-Jun-2023,11300,131.5
01-Jan-2019,29-Jun-2023,11400,2863.5,29-Jun-2023,11400,141.65
01-Jan-2019,29-Jun-2023,11500,2805.2,29-Jun-2023,11500,152.35
01-Jan-2019,29-Jun-2023,11600,2747.45,29-Jun-2023,11600,163.6
01-Jan-2019,29-Jun-2023,11700,2690.3,29-Jun-2023,11700,175.45
01-Jan-2019,29-Jun-2023,11800,2633.7,29-Jun-2023,11800,187.9
01-Jan-2019,29-Jun-2023,11900,2577.75,29-Jun-2023,11900,200.95
01-Jan-2019,29-Jun-2023,12000,2522.4,29-Jun-2023,12000,214.6
01-Jan-2019,29-Jun-2023,12100,2467.7,29-Jun-2023,12100,228.9
01-Jan-2019,29-Jun-2023,12200,2413.65,29-Jun-2023,12200,243.85
01-Jan-2019,29-Jun-2023,12300,2360.2,29-Jun-2023,12300,259.45
01-Jan-2019,29-Jun-2023,12400,2307.5,29-Jun-2023,12400,275.75
01-Jan-2019,29-Jun-2023,12500,2255.4,29-Jun-2023,12500,292.65
01-Jan-2019,29-Jun-2023,12600,2204.35,29-Jun-2023,12600,310.6
01-Jan-2019,29-Jun-2023,12700,2153.6,29-Jun-2023,12700,328.9
01-Jan-2019,29-Jun-2023,12800,2103.6,29-Jun-2023,12800,347.85
01-Jan-2019,29-Jun-2023,12900,2054.25,29-Jun-2023,12900,367.55
01-Jan-2019,29-Jun-2023,13000,2005.65,29-Jun-2023,13000,387.95
01-Jan-2019,29-Jun-2023,13100,2102.15,29-Jun-2023,13100,456.45
01-Jan-2019,29-Jun-2023,13200,2048.45,29-Jun-2023,13200,453.85
01-Jan-2019,29-Jun-2023,13300,2026.15,29-Jun-2023,13300,422.7
01-Jan-2019,29-Jun-2023,13400,2098.65,29-Jun-2023,13400,418.6
01-Jan-2019,29-Jun-2023,13500,2023.95,29-Jun-2023,13500,386.65
01-Jan-2019,29-Jun-2023,13600,2009.15,29-Jun-2023,13600,332.15
01-Jan-2019,29-Jun-2023,13700,2089,29-Jun-2023,13700,381.2
01-Jan-2019,29-Jun-2023,13800,2080.85,29-Jun-2023,13800,349.65
01-Jan-2019,29-Jun-2023,13900,2130.4,29-Jun-2023,13900,362.55
01-Jan-2019,29-Jun-2023,14000,2151.6,29-Jun-2023,14000,375.4
01-Jan-2019,29-Jun-2023,14100,2219.95,29-Jun-2023,14100,382.55
01-Jan-2019,28-Dec-2023,8400,5080.65,28-Dec-2023,8400,83.3
01-Jan-2019,28-Dec-2023,8500,5018.2,28-Dec-2023,8500,89.65
01-Jan-2019,28-Dec-2023,8600,4956.05,28-Dec-2023,8600,96.35
01-Jan-2019,28-Dec-2023,8700,4894.25,28-Dec-2023,8700,103.4
01-Jan-2019,28-Dec-2023,8800,4832.8,28-Dec-2023,8800,110.75
01-Jan-2019,28-Dec-2023,8900,4771.7,28-Dec-2023,8900,118.55
01-Jan-2019,28-Dec-2023,9000,4711,28-Dec-2023,9000,126.65
01-Jan-2019,28-Dec-2023,9100,4650.7,28-Dec-2023,9100,135.2
01-Jan-2019,28-Dec-2023,9200,4590.75,28-Dec-2023,9200,144.1
01-Jan-2019,28-Dec-2023,9300,4531.2,28-Dec-2023,9300,153.35
01-Jan-2019,28-Dec-2023,9400,4472.05,28-Dec-2023,9400,163.05
01-Jan-2019,28-Dec-2023,9500,4413.35,28-Dec-2023,9500,173.2
01-Jan-2019,28-Dec-2023,9600,4355.05,28-Dec-2023,9600,183.7
01-Jan-2019,28-Dec-2023,9700,4297.15,28-Dec-2023,9700,194.65
01-Jan-2019,28-Dec-2023,9800,4239.7,28-Dec-2023,9800,206.05
01-Jan-2019,28-Dec-2023,9900,4182.65,28-Dec-2023,9900,217.85
01-Jan-2019,28-Dec-2023,10000,4126.1,28-Dec-2023,10000,230.15
01-Jan-2019,28-Dec-2023,10100,4069.95,28-Dec-2023,10100,242.85
01-Jan-2019,28-Dec-2023,10200,4014.3,28-Dec-2023,10200,256
01-Jan-2019,28-Dec-2023,10300,3959.1,28-Dec-2023,10300,269.65
01-Jan-2019,28-Dec-2023,10400,3904.35,28-Dec-2023,10400,283.75
01-Jan-2019,28-Dec-2023,10500,3850.05,28-Dec-2023,10500,298.3
01-Jan-2019,28-Dec-2023,10600,3796.25,28-Dec-2023,10600,313.3
01-Jan-2019,28-Dec-2023,10700,3742.9,28-Dec-2023,10700,328.85
01-Jan-2019,28-Dec-2023,10800,3690.05,28-Dec-2023,10800,344.8
01-Jan-2019,28-Dec-2023,10900,3637.7,28-Dec-2023,10900,361.3
01-Jan-2019,28-Dec-2023,11000,3585.85,28-Dec-2023,11000,378.25
01-Jan-2019,28-Dec-2023,11100,3534.75,28-Dec-2023,11100,396
01-Jan-2019,28-Dec-2023,11200,3483.85,28-Dec-2023,11200,413.95
01-Jan-2019,28-Dec-2023,11300,3433.45,28-Dec-2023,11300,432.35
01-Jan-2019,28-Dec-2023,11400,3383.5,28-Dec-2023,11400,451.3
01-Jan-2019,28-Dec-2023,11500,3334.1,28-Dec-2023,11500,470.7
01-Jan-2019,28-Dec-2023,11600,3285.2,28-Dec-2023,11600,490.65
01-Jan-2019,28-Dec-2023,11700,3236.8,28-Dec-2023,11700,511.1
01-Jan-2019,28-Dec-2023,11800,3188.9,28-Dec-2023,11800,532.05
01-Jan-2019,28-Dec-2023,11900,3141.5,28-Dec-2023,11900,553.5
01-Jan-2019,28-Dec-2023,12000,3094.65,28-Dec-2023,12000,575.45
01-Jan-2019,28-Dec-2023,12100,3048.3,28-Dec-2023,12100,597.95
01-Jan-2019,28-Dec-2023,12200,3002.45,28-Dec-2023,12200,620.9
01-Jan-2019,28-Dec-2023,12300,2957.1,28-Dec-2023,12300,644.4
01-Jan-2019,28-Dec-2023,12400,2912.25,28-Dec-2023,12400,668.4
01-Jan-2019,28-Dec-2023,12500,2867.95,28-Dec-2023,12500,692.95
01-Jan-2019,28-Dec-2023,12600,2824.15,28-Dec-2023,12600,717.95
01-Jan-2019,28-Dec-2023,12700,2780.85,28-Dec-2023,12700,743.5
01-Jan-2019,28-Dec-2023,12800,2738.05,28-Dec-2023,12800,769.55
01-Jan-2019,28-Dec-2023,12900,2695.8,28-Dec-2023,12900,796.15
01-Jan-2019,28-Dec-2023,13000,2654,28-Dec-2023,13000,823.2
01-Jan-2019,28-Dec-2023,13100,2612.35,28-Dec-2023,13100,850.35
01-Jan-2019,28-Dec-2023,13200,2571.6,28-Dec-2023,13200,878.5
01-Jan-2019,28-Dec-2023,13300,2571.45,28-Dec-2023,13300,868.05
