"Asian Paints","Wipro","Titan","SBI","L&T","Infosys","ICICI","CoalIndia","Bajaj Finance","Axis Bank"
493.75,561.8,230.25,1774,1075,3491,1102,294.05,1575,1303.05
503.9,553,231.85,1766.9,1067.3,3466.4,1097,292.85,1580,1297
482.6,550.4,226.9,1730,1023,3471,1063,283,1570.9,1260
491.7,558.4,228.9,1720,1015,3580,1066,279,1574,1261.9
492,558.7,230.4,1695,1015,3510,1044.9,278.7,1555,1260
491.1,550.2,226.3,1665,1023.15,3466,1059,278.25,1555,1248
490,547,224,1654.9,1000,3435.6,1060,291.95,1545,1209.7
492,543.1,223.95,1639.9,974,3494,1050.75,296,1552,1191
500,555,221.25,1614,957,3572,1028.85,290,1561,1176
494,562.5,220.8,1634,981.3,3636,1054.9,294,1565,1185
489,555,221.3,1635,975.1,3685.1,1041.5,301.3,1557,1182.35
495,561,218.25,1645,1005,3704,1068,297.5,1554.85,1187.9
496.6,574.9,218,1632.65,1002.8,3725,1050.1,275,1575,1182
493,552.6,216.85,1622.95,1001,3712,1035,272.9,1561,1148
475.05,573.3,216,1652.6,1005.5,3745,1050.25,270,1575,1168
485,572,218.5,1657,1011.05,3735,1080,262,1599,1189
474,577.4,217,1640,1010,3770,1091,261,1570,1187
472,576,226.45,1649.45,1022.1,3769.05,1068,259,1560.05,1206
474.1,571,217.95,1600,994.7,3718,1036,257,1545,1181
478.55,567,216.45,1600,974,3718.15,1011.55,248.95,1519.9,1163
478.35,568,219,1611.35,990.15,3669.9,1030,249.9,1549.45,1129.7
480,570.6,207,1559.6,979,3696.25,985,248.5,1502,1116
478.9,571.3,221.5,1533.8,983,3704,984,246.15,1505,1118.9
476.9,574,221.55,1530,986.5,3685,984.3,246.5,1525,1117
470,560.2,218,1475,969.45,3588.1,950,243.9,1500,1113
476.1,559,224.7,1519.7,984,3576.1,974.8,249.05,1482.3,1127.8
485,563,222,1521.9,987.8,3566.55,969.85,253.9,1500,1127.9
484.1,569,226.9,1521,982.2,3580,970,268.8,1491,1123
494,564.4,225.95,1534.7,985.3,3570.3,966,269,1492.6,1134.7
489.95,563.8,233,1514,997,3569,964.95,269.25,1500,1128.65
477.25,565,234.1,1529,998,3606,977,267.9,1479,1133.15
477,563,226.5,1536,1011.2,3600,1001,269.8,1480,1125
470,562.5,230.8,1504,991,3596,986,260.3,1490,1106.5
473.85,566,233.4,1476,996.2,3670.25,990,260,1480,1111
475,562.7,231.3,1472,999,3652,1011,255.55,1510,1112.25
473.5,559,228.8,1500,1018.1,3689,1033.5,256.75,1552,1164.5
468,564,233,1500,1021.3,3750,1016,253.6,1535,1158
465,567.5,234.25,1485,1034.65,3728,1013.75,253.3,1509.95,1161
465,574.75,234,1506,1051,3745,1021,251.2,1522.8,1187.8
472,579.5,237,1518.7,1085.5,3751.5,1040.25,252.8,1540,1237.5
472,595.2,244.3,1509.2,1081.35,3779.5,1034,245.7,1525,1238
478.8,603.8,246.65,1526.25,1092,3779,1040.5,244.5,1559.8,1239
472.1,595,243.2,1530,1101.1,3823,1039.4,244.5,1577.3,1260
474.15,585.1,250,1517.1,1096,3764,1033.25,245,1570,1259
476.3,591.2,254.3,1560,1117.2,3821,1073,248.6,1585.7,1296
476.6,590.85,245.05,1583.5,1123,3832,1103.2,251.7,1550,1307
475.9,586.7,248.45,1585,1144.3,3825,1136,258,1613,1326
486.8,564.9,255,1650,1185,3726.15,1182,263,1644.95,1392.1
486.5,558.7,250.25,1690,1235.4,3667,1195,258,1662.35,1422
485,560.25,248,1663,1225,3680,1192.25,254.75,1694.8,1410
500,563.9,255,1650.5,1216.3,3430.2,1210.7,260,1700,1406
492,562,251.7,1641,1218.8,3357.5,1203,264.5,1640,1371
496.55,549.7,254.2,1652.15,1250.55,3397.95,1212.2,265.25,1655,1360
497.45,540.9,255.9,1711,1239,3360,1210,270.6,1665.75,1354
511,546,256.85,1703.25,1237.6,3275,1206,263,1665,1367.7
513,558,255.5,1692.05,1224.1,3330,1209.75,262,1655,1335
508,568,255,1701,1215.3,3304,1193,263.2,1675,1394.85
508.4,571,254.95,1714.5,1225,3280,1204.5,263.4,1685,1404
523.1,559.8,253,1730,1226.3,3257,1239.4,266,1665,1415
528,551.6,255,1752.3,1251,3264.95,1265.3,274.3,1650,1415
532,546,250.9,1776,1270,3246,1253.25,279.9,1680,1433.3
539,552.1,255,1852.6,1286,3232.25,1266,281,1689,1431.3
539,554,255,1913,1290,3275,1270.15,287,1790,1466
548,548,265.55,1932.3,1267.6,3285,1245,289.9,1786,1465
539.6,563.7,265,1915,1289.9,3344,1231,291,1800,1459.5
524.5,566,267,1929,1296,3332,1242.15,287,1750,1465
539,562.1,268.25,1900,1289.6,3343,1232,282,1745,1433.7
528,550.75,268.7,1880.1,1300,3310,1225,293,1766,1353.4
540,558,265.4,1920.25,1287,3300,1210,283.6,1780.2,1425
543.15,554,261.5,1991.6,1300,3264,1251,287,1760,1490
540.1,558.05,262.4,2020,1307.8,3190.25,1238,289,1797.25,1488.9
543.75,565,262,1997,1294,3347,1236.35,293,1760,1495.1
535.9,595,259.9,1965.25,1294.7,3257,1216.7,291.1,1770,1446.1
535,575.1,257.3,1966.35,1256.25,3175,1236.25,290,1775,1435
543,568.4,255,2020.1,1271.3,3202,1265,290,1770,1465.1
542,548,260,2072,1320,3179.4,1281,296,1776.7,1501
535,534.85,261,2045,1352,3165.3,1276,300.9,1762.9,1504
532.95,530,255,2060,1376,3180,1300,302,1821,1518
513.05,521,256.9,2082,1341,3172.7,1270,298,1825,1545
501,532,259,2111,1333.6,3172.5,1275,295,1850,1532
501.9,529,259.9,2076.9,1330.4,3182.75,1262,298,1855,1528.1
509,519.95,256,2090,1306.4,3182.5,1252,292,1880.5,1522
511.9,526,259,2055.05,1263.3,3190,1254,296,1878,1532.1
520,519.05,264,2053.25,1292.25,3175.5,1260.1,296.65,1874,1556
514.5,511.8,277.1,2051.75,1295.3,3151,1273.9,295.25,1879.85,1530
506.5,507,274,2078.1,1308.5,3070,1272,295,1885,1541
504,512,275.55,2085.45,1299.75,3062.95,1290,294.3,1890,1554
525,514.7,277,2181.5,1350,3120,1378.25,310,1903.7,1641
540,515,286,2274,1400,3180.05,1413.1,336.7,1900,1666
545,530,294.3,2284.9,1415,3235,1398.9,333,1875,1647
562,527.4,306,2286.65,1398,3245.25,1410,342.9,1805,1640
542,519.8,320,2337,1436.2,3275,1436,354,1776.35,1734.8
538.6,504,308.05,2444,1436.35,3201,1487.3,350,1790,1772
528,486,308.5,2604,1532.5,3053.1,1480,391.1,1805,1865
529.6,496,315.5,2526,1510,3117,1450.25,366.7,1795,1855
550,493,341.15,2471,1490.2,3155.5,1443.8,378.2,1845,1826
537.4,484.1,333.65,2520,1486,3122,1457,398.7,2050,1844.1
541,494.1,329.15,2815.25,1540,3085,1466,406,2022,1870
526,509,320.5,2703,1550,3100,1448.6,405,2010,1869.9
525.25,509.05,321.7,2635,1570.3,3130,1448,393.4,1969.3,1851
510,513,315.6,2605.1,1577,3040,1456,381,1960,1855
506,502,313.05,2604.8,1556,2945,1440,372.8,1989.9,1860
507,506.15,311,2547.3,1612.25,2950,1414,370.5,2003.8,1834.8
512,503,316.75,2660,1650.3,3002.25,1462.4,376.9,2091.2,1905
510.65,499.8,322,2625,1660,3010,1462,394,2120,1899
510.5,495,321,2682,1675,2993.25,1450.3,392.7,2125,1925
510.5,503,323.1,2720.75,1691.3,3009,1471,393.5,2170,1950
508.7,508,329.85,2750,1700,3010.1,1490,394,2150,1986
530,513,327,2710.05,1752.15,2999,1491,416.4,2170,1970
539,527.7,344.95,2683,1737,3099,1481,422.85,2099,1935.05
541.9,534.7,331.65,2698.8,1722,3276,1477.9,406,2010,1928.65
549.9,534,330,2703.9,1729,3186,1471,395.1,2064,1895
537.4,531.5,321.9,2609,1690,3192,1428,389.35,2069.3,1818
543,537,323,2564.9,1638,3255,1416,390.1,2000,1771
563.4,537,323.9,2638.7,1687.8,3259,1450,402.8,1987.7,1840
563,531,315.9,2659.9,1680.3,3248,1433,397,2132.2,1855
570,540,326,2607,1661.25,3320,1415,382,2080,1838
568,539,336,2590,1651.3,3312,1399,386.45,2051.9,1868
574,532.1,328.85,2606,1664.3,3232,1421.05,389.55,2064,1885
580,531.7,339.9,2660.05,1675,3242.1,1438,394,2046.4,1928
587.95,529,345,2691,1653.1,3211,1419,400,2094.9,1909
585,537.05,347.75,2656,1674.1,3186,1406,392,2001.3,1928
584.8,550,355,2641.3,1672.6,3215.5,1390,383,2012.1,1934
592,547,352.7,2698.3,1707.4,3246,1422.1,388,2049,1925
586.6,541,357.35,2700,1742.3,3220.1,1451.35,389.75,2008.55,1946.6
586.7,545.65,362,2701.9,1755.6,3214.8,1452.3,394.55,2086,1925
584.95,559,360.1,2696,1755,3208,1455,397,2150.9,1926
590,549.5,358,2700.6,1746.25,3255.55,1463.05,396,2300,1940
595,560,358,2684.95,1752.3,3345,1457.55,397,2240,1923
590,550,341.5,2585,1686,3341,1413,378.5,2150.05,1880
595,546,350,2587,1661.3,3310,1408,366,2180,1871
585,554,333.65,2538,1660,3410,1392,373,2210,1875
571,554.9,328.8,2425,1580,3330,1370.2,364,2149,1819.1
593.55,539,322,2427.9,1614.9,3250,1360.5,362.5,2150,1857.5
580,540.05,325,2535,1642.3,3230,1408.05,366.5,2200,1916
586,537,328.05,2558,1658,3231,1459,363.7,2220,1967
582,542,355,2587.55,1658.8,3240,1439,375,2210,1950
589,550.3,330,2571,1699,3250,1484.9,376,2196.9,2018
599.5,548,331.4,2526,1671.6,3206,1486,380,2173.15,2037
606,561,338.5,2541,1660.55,3245,1492,390,2233.3,2016
604.85,574.4,341.9,2549,1657.7,3348,1507,384.6,2247.4,2005.5
618,528,336,2551,1665.5,3382,1503,385,2300,1998
638.15,553,332.7,2509.9,1660.6,3350,1480,378.65,2274.85,2015
635,556,335.4,2500,1588,3392.6,1451.5,364,2220,2000
643.9,551.7,342.6,2459,1530,3369.5,1492,368.5,2215,2010.5
617,544.9,338.9,2415.9,1490,3360,1461,366.8,2219.95,1945
627,537,328.9,2452.25,1476.2,3351,1498.95,359.5,2220,1955
630,550,342.3,2472.2,1500,3465,1495,362,2190,1964.75
630.1,548.8,340,2456,1489.7,3520.3,1479,360.9,2193.95,1955
639.4,544.5,343.3,2424,1497,3500,1447,359,2187.5,1915
630,550.1,341.9,2413.8,1467.5,3495.05,1433,359.8,2170,1875
620.9,551.1,342,2431,1454.6,3507.5,1443.35,358.1,2220,1875.5
617.25,543,342.9,2419.9,1467.55,3591,1450,359.9,2250,1890
615,545.4,347,2422.25,1477.8,3567,1460,365.1,2261.5,1900
617.85,550.75,344.3,2374.15,1462.55,3600,1461,356.55,2240,1871.25
620,545,350.7,2360.5,1484.65,3600,1485,355.8,2270,1894
620.95,547.9,350.95,2435.3,1525.2,3555,1538.1,365,2290,1985
617.85,548.5,349.1,2442.8,1532,3551.25,1546.2,369.7,2281.3,1997
614,551.2,347.6,2417.9,1519.7,3550.1,1540.7,366.45,2290,1985
617.35,552,370,2477.1,1537.2,3548,1544,365,2320,2001.5
613,560,362,2529,1544.6,3605,1540,359,2390,2014.5
605,555.5,359.9,2499.9,1523.8,3627,1485,360.15,2400,1955
610.05,549.8,366,2515,1515.35,3625,1521.15,357,2450,2000
620,559,365.8,2514,1507.2,3635,1545,359.1,2470,2005
628.9,570,365,2475,1535,3605.25,1553,358,2479.9,1995
629,566.1,372.1,2510.35,1578.8,3596,1598,366,2442.7,2035
630.05,562,388,2524,1586,3600,1600,364.8,2432.5,2050
628.1,577.4,383.5,2499.1,1600,3730,1584.7,377,2480,2065
635,580,386,2482.1,1589.5,3722,1572,378.95,2452,2085
650,579.9,389,2530.35,1621.3,3740,1555,365.5,2446,2094.75
676,594,385.85,2565,1628.55,3750,1566.9,376,2580,2105
661.15,589,395.5,2555,1596.7,3719.9,1561,382.2,2600,2090
660,583,388.7,2561,1590.2,3675,1576,374,2587,2092.5
657,576,382.1,2607.1,1597.3,3690,1572.05,362.15,2623,2095
672.2,575.9,388,2610,1568.8,3670,1560,358,2610,2078.25
665.85,568.6,382,2630,1565.1,3670,1552.5,352,2590,2060
650,561.15,379,2581.2,1532.8,3675.2,1531.05,346,2550.25,2000
645.05,567.8,371,2551,1513,3684,1526.5,340,2485,1982.5
660,582,387.5,2625.7,1578.25,3700,1567.2,344.9,2573.45,2031.5
670,586,386,2552.9,1527,3685,1565,343,2705.05,2024
665.25,580,397.1,2602.1,1527,3655,1577,345,2660,2050.25
635.95,590,394.8,2555,1499.95,3615,1534,336,2660,2019.75
646.95,594,398,2497.9,1473.8,3660,1517,360,2619,1975
619.55,584.9,387.7,2363.85,1439.8,3688,1470,345,2520,1889.5
631.8,589.65,392.7,2450,1476.5,3690,1485,347.3,2540,1963.25
630,594.2,397,2441.7,1466.8,3750,1458,342.9,2660,1939.5
631.1,598,409.75,2445,1460,3750,1440.35,342.55,2705,1885
631.45,615,404.3,2411,1439.8,3770,1422,343,2790,1905
627.7,617.75,398,2349,1405,3774,1433,339.95,2706.2,1869.75
640,594,403.9,2428.8,1462,3700,1456,339,2695,1919.5
650.55,588.1,400,2455.05,1470,3685,1475,343,2755,1920
663.45,585,395.35,2440,1455,3898,1450,336,2720,1889
659.25,587.15,396.7,2501.1,1452.5,3961.5,1485.55,342.55,2726.5,1953
647,580,388,2507.5,1430,3909,1470,344,2700.05,1990
634,573.5,370.25,2483,1430.65,3866,1468,349.85,2669.9,1980
643,567.4,388,2568,1477.3,3868,1541.1,357.9,2590,2062.5
660.05,559.9,386.7,2577.55,1496.55,3850,1542,363,2649.95,2098.25
651,583,393,2610,1530.2,3801.1,1590,355.55,2655.7,2130
652.65,562.35,395.1,2588.55,1560.7,3800,1580,356,2720,2139.25
654.2,550,396.7,2595,1565,3838,1581.5,352,2740,2125
651.05,556,400.2,2603,1577.4,3751.1,1576.55,354,2837,2135
652,556.5,406.25,2675.1,1584,3804.05,1610,356.5,2820.3,2135.5
646,558.85,411.9,2645.3,1577,3890,1602.7,358.4,2750,2130
648.95,563.5,412,2653,1602.1,3973.05,1613.9,361,2800,2160
660,566,395,2705,1660.3,4075,1628,372,2780,2205
656.3,567.65,386.55,2730,1661.2,4079.9,1650.3,360,2780.9,2223.5
659,560.1,376.15,2780,1670,4126,1675,347,2850,2299.5
650.75,553.45,378.25,2753.5,1624,4169,1685.4,340.05,2887.85,2358.25
650,560.3,379.05,2739,1622.35,4165.5,1667,350.1,2887.6,2310
657.7,556.9,375,2752,1640,4121.1,1691,345.65,2910,2350
647.35,559.7,380.5,2760,1620,4111,1710.1,345,2998.15,2410.5
646.15,558.1,377,2730,1619,4191.05,1689.8,343.9,2960,2370
677,563.85,371,2795.7,1621.2,4180,1689.7,356,2981,2383.5
692.25,562.55,376.2,2955,1619,4220,1675,353.1,3270,2379
700.75,568.65,370.6,2950,1648,4182,1681,353.9,3182.45,2370
685,570,366.05,2944,1661.55,4182,1683,346,3051.5,2348.75
691.65,572.6,359.3,3000,1640,4201,1690,344.3,3130,2326.25
693,573,370,3086,1672.3,4200,1740.1,345.05,3130,2390
694.7,582,371.8,3095.5,1671.5,4297.7,1774,345.2,3060,2366
696,583,365.6,3049.5,1630.2,4305,1727,347,3020,2351
705,584,368,3063,1637.25,4318,1714.9,350,3010,2350
715,585.1,365.2,3078.5,1626.3,4377,1725.5,348.1,3055,2355
754,588,400,3230,1637.7,4388,1761.1,354.9,3100,2415
799.9,590.05,391.9,3195.5,1617.8,4330,1757.9,353.7,3077.5,2445
776.1,590,389,3198,1645,4207.6,1768.7,356,3100,2470
792,592.3,388.7,3196,1641.35,4250,1766.59615384615,358.4,3117.5,2500
793,591,386,3200,1634,4214.4,1770,355.5,3140,2505
786.05,578,387.05,3180,1630,4024,1763.43543956044,358,3193,2495
798,569,380.3,3134,1602,3970,1726.23626373626,364.8,3265,2484.25
782,557,372,3030,1550,3930,1696.08791208791,361.5,3232.85,2441.5
778.9,552.9,385.7,3138,1543.9,3920,1715.0521978022,360.2,3210,2447.5
776.8,547.2,384.5,3145,1543.3,3864.5,1691.46840659341,365,3310,2460
767.3,538.45,372.95,3089,1508,3818.8,1668.37087912088,364,3281.1,2400
766.95,540,365.3,3087,1492,3850,1663.02197802198,377,3340,2366.5
755.1,542,358.7,2950,1478.7,3842,1604.67032967033,365.9,3209.8,2345
741,541,370,3104,1492.2,3897.1,1658.15934065934,368.2,3249.95,2425
756.6,543,382.8,3114,1516.3,3980.4,1694.62912087912,369.9,3325,2471.5
733.1,552.6,377,3060,1537.3,4004.5,1733.53021978022,378,3317,2460
748.75,555.3,384,3078,1527.55,4000,1744.47115384615,392,3320,2495
741,555,375,3070,1497,3943.4,1716.51098901099,383.7,3470,2478.25
731.5,547,372,3064,1482.55,3884,1721.37362637363,379.9,3440,2466.25
728,548,368.2,3085,1495.35,3904.2,1701.92307692308,378.5,3475,2476
760.25,550,375.5,3076,1501.55,3930,1709.7032967033,387,3472.15,2475
749,551.5,377.6,3100,1491.25,3918,1706.78571428571,383.05,3440,2499.75
750,553,381.25,3120,1493.4,3935.6,1728.42445054945,384,3503.2,2510
752,552.1,379.8,3148,1502,3950,1711.64835164835,380,3496.65,2515
781,558.5,382.8,3169,1542.3,4029.4,1774.86263736264,380,3460,2593
771,562.4,385.8,3100,1540.9,3969.8,1750.54945054945,374.9,3433.5,2570
760.35,545,375,3000,1500,3914.2,1681.5,381,3420,2495
782,558.5,375.15,3051,1514,3965,1677.12362637363,382,3509.25,2515
826.25,547.5,375.2,3070,1519,3970,1701.43681318681,380.15,3501.45,2530
817.05,552.45,375.4,3040,1503.7,4190.1,1672.50412087912,374.05,3452.45,2482
810,557,378,3075,1540.35,4228.8,1688.55082417582,359,3464,2512.25
835.1,564,373.05,3048,1524.7,4190,1653.2967032967,362.15,3500,2517.5
846.55,560,372.7,3208,1550.25,4288,1712.62087912088,370,3801.5,2624.75
843.55,560,378,3206.5,1580,4280.4,1715.78159340659,366.7,3825.1,2589
848.8,588,390,3165.5,1602.55,4236,1723.80494505495,378,3974,2599.75
835,587,397,3141.5,1617.3,4204.8,1753.9532967033,379,3840,2650.5
840.1,591,395,3193,1632.3,4252.4,1781.91346153846,384,3907.95,2765
856.9,588.55,408.5,3260,1656.3,4338,1794.31318681319,393,3825,2737.75
870,598,402.25,3280,1675.4,4400,1823.48901098901,397,3860,2850.25
869.7,600.1,400,3297,1720,4428.1,1823.48901098901,392.5,3865,2875
894.95,598,407,3301.5,1740,4293.1,1862.39010989011,383,4120.5,2961.5
914.35,607.5,434,3328,1695,4270.4,1852.66483516484,367,4310,2949.5
892,605,443.7,3290,1730,4304,1862.39010989011,362,4184.3,3010
856,610,431.8,3099.5,1695,4280,1755.41208791209,353.05,4045,2943.5
810,624.5,434.5,3110,1740.6,4280,1710.91895604396,355.9,4171.6,3110
818,624.4,433.25,3030,1725.65,4256,1689.52335164835,356.5,4180,2960
812.05,619,432.65,2935,1693.5,4288,1662.04945054945,366,4150.5,2810
814.5,638,424.6,2915,1680,4386,1633.84615384615,369.7,4101.05,2854.5
794,641.4,415.65,2900,1673.3,4458.7,1598.3489010989,362,4012.35,2775
800,647,413.1,2780,1550.8,4489.8,1554.0989010989,358,3978,2743.5
830,645,426,2905,1586.1,4550,1625.8228021978,369,4026.05,2786.75
843,640.15,429,2885,1620,4560,1643.57142857143,372.55,4122.55,2857.5
827,646.9,425.7,2876,1660.35,4622,1670.8021978022,364.55,4150,2910
832.9,661.2,430,3109,1663,4562,1689.76648351648,379,4216.75,2910.25
838.25,663,419,3072,1650,4568,1648.43406593407,379,4325.35,2859.5
825,669,431.8,3067,1670,4608,1665.4532967033,380.9,4319.7,2860.25
833.5,660,433,3023,1705,4648,1633.60302197802,384.7,4320,2834
826,652,435.1,3033.5,1682.35,4607.9,1619.50137362637,383.3,4220,2815
811.95,645,423.65,2976,1690.3,4552.1,1605.15659340659,387.95,4171,2751.75
807,659,423.4,2980,1725,4580,1590.08241758242,387.7,4139,2766.25
816.1,664,423.45,2979,1701.1,4629.8,1580.60027472527,386.9,4096.75,2760.5
798.3,657,424.9,2919.5,1701,4534.5,1575.49450549451,385,4100.05,2770
815,660,440.05,3055,1778,4540,1654.26923076923,398.8,4099.25,2875
824,659.7,420,3053,1780.4,4600,1706.78571428571,397.1,4449.95,3135
830,664.65,412.2,3040,1850,4582,1695.60164835165,374,4400,3248.5
842.55,673.05,419.7,3132,1865,4598,1750.54945054945,380.15,4384.05,3252
835,660.85,411,2945,1846,4536.8,1686.8489010989,372.5,4334.1,3067
833.65,664,403.55,2925,1814.6,4510,1671.77472527473,363,4351.5,3050.25
814,662,400.2,2914,1773.5,4400,1619.01510989011,358,4250,2957.5
815.55,655.65,407,2885.5,1765,4380,1619.25824175824,370,4179.75,2926.5
814,657.9,400,2881,1752,4369.8,1641.14010989011,369.85,4170.85,2940
807,662,404.95,2900,1766.55,4452.2,1677.60989010989,368.95,4150,2945.25
810,642,401.2,2829.5,1699,4420,1601.75274725275,366.55,4105,2850
839.85,650,398,2833.5,1698,4520.4,1622.66208791209,366.6,4035,2874.5
834,644.85,404,2842.5,1721.3,4500,1619.25824175824,362,4040,2920
825,634.2,401.3,2901.5,1716.1,4454,1653.2967032967,365.1,4075,2935
830.15,635,405.6,2815.5,1678,4466,1599.80769230769,368.9,4065.8,2813.5
813,652.1,395.5,2800,1677.3,4504,1564.31043956044,368,4012.8,2804.5
812,640.15,390.3,2748,1675,4460,1514.71153846154,368.25,4030,2775
815,652.5,388,2710,1675,4434.6,1517.14285714286,370.3,3952,2800
806.55,650.25,388,2650,1622,4424,1510.82142857143,360,3947.7,2799.5
796,634,391.6,2586.5,1647,4328,1517.38598901099,355,3973.1,2740
780,625,393.1,2663,1690,4428,1539.02472527473,352,4000,2760
810,625,392.25,2693,1735,4487.2,1557.25961538462,360,4010,2831
808,625.35,391.4,2669,1724.9,4418.8,1531.73076923077,363,4100,2789
821.05,629,393,2750,1737,4356,1580.35714285714,365,4160,2851.25
829,622,405.95,2751,1770,4360,1565.76923076923,360.25,4259.35,2850
840,615.6,406,2718,1776.1,4351,1550.20879120879,364.1,4380,2805.25
851,620,410,2745,1787.3,4420,1548.26373626374,384,4480,2775
854.65,618.5,400,2810,1780,4420,1553.61263736264,386,4520.55,2865
860,618,402,2880,1780,4470,1553.85576923077,389,4500,2847.5
861,621,415,2870,1808.9,4477.8,1546.80494505495,392,4425.1,2830
840.1,607.1,413,2900,1789.95,4430,1541.21291208791,385,4452.35,2764
825.1,598,402.4,2918,1764.9,4376,1527.3543956044,381.55,4589.85,2753.5
818,584,397.5,2909.5,1745,4362,1517.62912087912,382,4505.65,2675
811,570,401.95,2870,1701.05,4276,1517.14285714286,372,4550,2600
800,561.7,395,2900.5,1699.9,4292.3,1520.30357142857,373.1,4319.15,2631.75
795,547,397,2851,1748.8,4290.6,1524.43681318681,381.5,4311.35,2706.5
790,535,402.5,2790,1730,4262,1517.14285714286,384,4240,2690
773.1,530,393,2765,1683.8,4002,1525.40934065934,376.45,4103,2648.5
749.8,532,386.4,2680,1665,3976,1478.24175824176,375.55,3941.75,2625
766,534,386,2720,1663.7,3930,1590.81181318681,372,4008,2684.75
756,541,380,2715,1657.9,3920,1609.53296703297,369.9,3999,2810
779,545,383.05,2740,1650,3922,1614.3956043956,364.9,4002.05,2855
779.5,544.3,386.5,2775,1635.1,4000,1609.0467032967,369.7,4344.95,2850
779.95,543.5,384.1,2719,1643,3958,1597.37637362637,364,4255,2820
750,531.35,388,2640,1564.65,3857.6,1526.86813186813,358,4325.5,2715
770,544,340.3,2641,1589.65,3927.8,1509.36263736264,361.1,4214,2670
764,542,353,2647,1607,3930.2,1551.66758241758,364,4331,2730
775,542,369.2,2759,1617.8,3997.8,1573.06318681319,373,4362.65,2766
758.8,545,362.8,2695.5,1566.3,3908,1507.66071428571,368.95,4330,2689.5
764,542.25,366,2739,1588,3920,1549.72252747253,369,4326.5,2790
800,537.1,363.3,2822,1586.65,3870.2,1532.21703296703,370.5,4400,2790
799.95,540,367.95,2897,1594.65,3928.4,1527.59752747253,366.2,4492.75,2824.75
759,545.4,373.8,2898,1612.8,3978,1529.78571428571,368,4468.4,2835
776,554.4,377.8,2900,1625.05,4067.1,1540.48351648352,364.15,4520,2815
773.5,564,370.2,2944,1620.35,4098,1556.04395604396,362,4520,2804.5
775.45,563,374,2923.5,1637,4090,1527.11126373626,375,4565.85,2860
775.9,560,369,2800,1652,4100,1517.14285714286,375,4515,2840
765,567,369,2800,1635,4042,1520.5467032967,370,4675,2800.25
765.8,557,368,2769,1616.1,4030,1503.04120879121,374.2,4498,2805
765,555.1,370,2802,1638.8,3960,1531.73076923077,383,4450,2889.25
762.3,555,385,2780,1630,4034,1543.64423076923,383.5,4431.6,2875.5
787,563,379.65,2790,1665,4060,1545.34615384615,390,4274.9,2930
789,564,376.7,2785,1708.2,4090,1541.45604395604,392,4424,2907.5
764.75,554.6,369.7,2671.5,1675,4040,1483.1043956044,382,4252.8,2774
771.35,549.3,369.3,2600,1664,4062,1422.0782967033,387,4275.1,2797.5
759.6,554.4,360,2574,1657,4078,1424.50961538462,391.1,4399,2785
764.3,557,364.75,2588,1683,4024,1391.68681318681,406.2,4499.95,2740.25
747,552,352.3,2550,1675,4026,1377.34203296703,398.1,4412.75,2767.5
737.1,545,360.5,2583,1668.2,4020,1396.06318681319,402,4560,2786.5
740,564.25,364.9,2620,1714,4070,1439.34065934066,405.3,4577.1,2844.75
707,547.6,353.45,2540,1674.8,4004,1405.05906593407,401,4650,2730
713,537,346.9,2543,1669.7,3920,1448.09340659341,398.95,4678.4,2762.75
705,541.9,344.7,2510,1670,3976,1449.06593406593,396,4671.6,2740
709.9,542.4,348.15,2560,1680,4028,1481.6456043956,398.35,4711.4,2765
717.1,546.9,354.95,2560.5,1720,4001,1478.72802197802,399.6,4780,2760
734.9,557.1,359.8,2600,1721,4020,1471.19093406593,397,4896.5,2756.25
743,561,361.6,2608,1723,4036,1490.64148351648,394.65,5219.35,2776
747,564,370,2690,1737.5,4100,1531.73076923077,400.7,5384.6,2880
753,559,359,2680,1768.1,4040,1525.65247252747,419.9,5320,2855.75
751,565,350.6,2610,1744.9,4000,1543.4010989011,412,5277,2830
749.1,555.55,353.5,2640,1804.85,3980,1533.67582417582,412,5385.9,2825
750.6,551,355,2580,1748,3952,1473.37912087912,408.25,5320,2765
738,550,355,2592.5,1789,3972,1511.79395604396,409.1,5424,2801.5
756.35,546,367,2620,1783.8,3960,1498.17857142857,422.9,5468,2795
761.55,553.35,364.2,2685,1810,4000,1526.86813186813,426,5501,2892.5
763,560,349,2679,1800,3948,1521.76236263736,425.4,5481.35,2900
765,546,355.85,2625.5,1783.9,3920,1502.55494505495,417,5530,2887.75
792,553.9,358.7,2706,1817,3960,1530.75824175824,420.75,5600,2910
823,551.95,362.5,2699,1800,3940,1500.12362637363,428.8,5540.6,2885
809.9,553.3,355,2670,1812,3840,1492.82967032967,419,5250,2890.25
804.5,548.1,360,2700,1850,3800,1523.95054945055,420.6,5030,2875
807.9,551.9,357,2715,1875,3760,1532.46016483516,423.85,5050,2894.5
824,558.5,358.6,2740,1862,3820,1538.78159340659,420.2,5105,2910.25
829.45,569,360.05,2688,1861,3887.6,1530.75824175824,439,5107.1,2935
850.25,587,350.9,2698,1870,3942,1534.16208791209,439.7,5180,2940
850,577,349.9,2729,1873,3959.6,1546.56181318681,439.5,5260.35,3040
827.1,569,349,2720,1871.45,4013,1546.80494505495,432.9,5194,3010
852,572.8,345.5,2674.5,1866,4088.8,1540.48351648352,425.8,5190,3000
817,580,339,2640,1840,4420,1519.08791208791,425.1,5199,2923.75
846,588,339.6,2700,1859.95,4412,1543.88736263736,432.55,5150,2955
846.5,588.8,337.2,2700,1835,4400,1526.625,430.55,5150,2930
849.5,569,340,2636.5,1800,4356,1460.73626373626,425,5148.9,2900
853,561.25,336.6,2595,1749,4308,1416.7293956044,423.6,5243.2,2800
836.5,559.7,344.3,2601.5,1765,4272,1400.43956043956,421,5374.8,2810.25
851.7,565,340,2537,1803.3,4360,1410.16483516484,424.4,5460,2855
857.55,562.5,342.5,2589,1780,4316,1429.12912087912,423,5442.95,2835.5
884,570,323,2707,1721,4320,1485.29258241758,441.15,5500,2875
882.2,570,318.9,2829,1781,4312,1522.00549450549,430.15,5700,2885.25
905,564.1,317,2890,1779.9,4260,1527.3543956044,444,5633.9,2900.5
920,575.25,326,2862,1778,4360.8,1526.38186813187,438.5,5565,2902.5
916,572,327.8,2882.5,1825,4357.8,1512.28021978022,432,5463,2915
907.9,569.9,335,2817,1833.75,4388,1512.28021978022,417.7,5535,2905.25
902.15,564,330,2860,1816,4395.6,1507.41758241758,409,5463.9,2883.5
885,560,330,2677,1794.9,4440,1462.92445054945,396,5448,2865
875,579,331,2595.5,1770,4588,1429.61538461538,371,5330.05,2810.5
880,572.1,329.75,2614,1771,4664,1427.4271978022,377.5,5374.6,2837.75
896,579.7,336.45,2720.5,1797.8,4600,1471.43406593407,379,5412.2,2854.75
903,576,338,2814,1788,4588,1477.26923076923,375,5400,2825
900,575,335,2831,1799.9,4664,1466.08516483516,364.9,5399,2804.75
905,580,341,2787,1800,4680,1468.51648351648,356,5370,2756.5
879.45,575,339,2630,1757.8,4564,1428.15659340659,348.8,5250,2620
869,569.95,330,2550,1699,4480,1364.21291208791,341,5200,2500
840,550,332.5,2490,1642,4384,1342.08791208791,338.25,4871.5,2440
852.15,550,328.7,2537,1640,4396,1371.26373626374,354.5,4921,2499.5
870,553,326.55,2515,1622,4360,1385.85164835165,362.2,5036.45,2525
856.1,551.35,345.1,2540,1640,4380.8,1388.28296703297,367,5105,2586.25
856.5,566,345,2490,1616,4520,1376.12637362637,357,5050,2535
847,570.2,335,2451,1582,4359.8,1337.22527472527,362,4980,2505
825,565.05,334.2,2418,1580,4400,1338.44093406593,358,5043.55,2413.5
812,560,325.1,2339,1543.8,4440,1303.18681318681,347.9,5079,2360
826.6,568,327.35,2325,1560,4431.2,1287.14010989011,346,5205.05,2417.5
816,554,333.5,2269,1547,4324,1261.125,350,5083.05,2350
791,545,334.9,2228,1517,4252,1220.76510989011,337.6,5056.85,2255.25
800,569,325.5,2341,1586.3,4352,1302.21428571429,345,5068.8,2425
818,561,324,2278,1577,4352,1264.28571428571,339,5000,2392.5
814.9,555,327,2305,1628.8,4368,1301.72802197802,341,5100,2440
820.8,560,328.5,2319,1605.6,4384.8,1297.35164835165,334.05,5050,2410
843,567.5,329.15,2351.5,1607,4396,1331.39010989011,341,5158.05,2490
836,573.2,329.1,2368,1570.3,4420,1325.06868131868,340,5251.6,2443.5
825,580.4,328,2390,1560,4440,1342.08791208791,339.3,5225,2505
841.3,586,322,2400,1535,4420,1332.36263736264,343.1,4950,2564
830,594,320.2,2479,1556,4460,1351.81318681319,344,4955,2655
798,587,318.6,2360,1475,4439.2,1298.32417582418,321.7,4750,2500
795,593.9,320.05,2400,1488.8,4444,1317.77472527473,327,4853.3,2554.75
809,600,326.65,2410,1468.8,4560,1322.1510989011,320.3,4900,2577.75
808,592,324,2370,1424.9,4408,1288.11263736264,307,4800,2510
805,596,324.8,2450,1460,4532,1317.77472527473,317.85,5120,2549.5
846,598,315,2420,1480,4679.6,1327.5,329,5165.25,2514.5
840,600,327.25,2380,1508,4704.2,1317.77472527473,330.9,5118.3,2512.75
860,601,330,2422,1563.7,4740,1378.80082417582,332.2,5249.95,2585
860.5,600,348.5,2402.5,1559,4631.6,1371.26373626374,342,5171.05,2519.25
870,590,349,2430,1546.8,4560,1375.64010989011,346.4,5106,2497.75
881,586,343.6,2457,1549.6,4532,1366.4010989011,346.25,5079.35,2477
858,600,332.25,2440,1555,4810.8,1400.43956043956,337.9,5007.65,2475.25
863,584.6,347.4,2440,1561.8,4428,1395.57692307692,333.5,4960,2439.5
865.3,585,343.05,2433,1540,4360,1381.23214285714,340,4956.05,2452.25
865.05,588,348.7,2455,1550,4408,1380.98901098901,335.7,4955.35,2487.5
869.5,578,350.15,2500,1565,4400,1389.25549450549,342,4986,2475
885,578.6,350.1,2565,1610,4400,1410.16483516484,339,5000,2517
873,577.55,351.5,2552.5,1585,4452,1396.54945054945,336.65,5036.4,2533.5
875,576.9,352.2,2544,1572,4503.8,1391.44368131868,335,5394,2549
865,577.8,350.1,2525.5,1565,4560,1385.85164835165,338.5,5340.05,2575
834,568.2,346.1,2550,1523.5,4600,1400.43956043956,343,5293.25,2640
816.1,566.1,345,2511.5,1505,4604,1384.39285714286,334,5280.05,2593.5
825,574.4,341.4,2482.5,1490,4584,1361.53846153846,331.6,5320,2460.5
828.35,573.1,350.1,2416.5,1497.8,4600,1327.01373626374,332.9,5228.75,2430
831.8,574,347,2385,1474,4570.8,1323.85302197802,322,5200,2360
828,574.4,333.55,2387,1403,4520,1346.95054945055,323.9,5208,2385
831,575,359,2394.5,1398,4536,1365.91483516484,325,5245,2410
816,577,352,2390,1385,4592,1366.4010989011,328,5270,2397.5
810,572,346.1,2386.5,1377,4556,1326.04120879121,331.9,5359.95,2363.25
807,571.7,347,2352,1372,4500,1312.42582417582,338,5331.4,2314.75
797,569,346,2365,1350.1,4480,1263.79945054945,338,5214.85,2269.25
815.4,560,353.9,2454,1357.8,4536,1276.92857142857,339,5340,2325
803.4,556.35,353,2434,1369.9,4460,1283.73626373626,330,5399.9,2375
804.5,555.7,351.95,2424,1362,4428,1266.71703296703,330.5,5399,2380
801.25,551,356,2395,1331.95,4340,1270.36401098901,336,5290.55,2420
805,555,359.3,2500,1370,4328,1318.74725274725,331.95,5300,2420
809,555.85,356,2472,1356.7,4176,1298.32417582418,333,5225.05,2376.25
825,555.95,365,2435,1357.2,4128,1279.35989010989,335.05,5274.4,2340
823,562,370,2440,1360.3,4200,1287.86950549451,333.75,5415,2315
837,571,370,2440,1374.8,4206,1298.32417582418,332.25,5466.1,2305
851,570,382,2425,1366.8,4180,1283.73626373626,331.15,5499.95,2314.75
858,563.85,384.95,2415.5,1346,4176,1283.49313186813,332.6,5570,2325
865,569.05,388.2,2428,1339.95,4200,1289.3282967033,337,5533.8,2345
860,570,379.95,2500,1367,4280,1305.13186813187,335.5,5580,2340
840,578.15,383,2504.5,1377.45,4354,1337.22527472527,331,5514.4,2350.5
844.6,582.05,378,2501,1370,4328,1336.25274725275,343.2,5607.95,2310
848,587,375,2447.5,1350,4250,1309.99450549451,339,5580,2300
842,572.8,374.9,2400,1344,4212,1282.27747252747,334.9,5530.05,2300
843.8,570,368,2422,1350,4208,1283.73626373626,339,5440,2319
871,578,367,2382,1340,4180,1277.41483516484,327.55,5460,2301
860,565.6,365,2360,1320,4176,1272.06593406593,316.35,5525.5,2292.5
842,569.8,360.05,2366,1306.2,4140.4,1269.14835164835,308.5,5521.25,2272.25
861.2,566,369,2330,1313,4200.4,1264.28571428571,310.95,5515,2256.5
855,566,350,2260,1289,4200,1208.36538461538,307,5500,2188
876,567,353.9,2269.5,1275,4300,1208.36538461538,317.05,5410,2160
879,553,365,2273,1290,4320,1205.4478021978,315.9,5630,2182.5
870.2,555,356.1,2300,1290,4400,1238.75686813187,316,5640,2205.25
875,553.2,353,2305,1294.8,4392,1230.24725274725,316,5735,2174.5
880,553,361,2267.5,1288,4300,1220.52197802198,314.65,5770.05,2170
875,556,358,2321,1292,4400,1249.94093406593,318.05,5880.6,2211.75
880,558.7,361.35,2298,1286.1,4352,1263.79945054945,319.15,5920,2249.5
880,555.8,359.55,2305,1294.05,4400,1276.44230769231,325.1,5891.8,2265
880,556,353,2286.5,1295.3,4370.8,1258.45054945055,324,5912,2257.25
883.7,558.5,349.8,2298.5,1300,4404.4,1285.68131868132,325.55,5903.85,2280
882,564.1,351,2292.5,1295,4400,1278.87362637363,322,6019.15,2295
876.45,558.25,350,2261,1287,4352,1282.03434065934,324.7,5998.95,2275.75
882.95,558,346.7,2250,1276,4400,1269.14835164835,329.8,6022.55,2250
880,560,351,2274,1290,4412.6,1278.38736263736,333.5,6070,2244.25
881,561,352,2222,1265,4332,1254.56043956044,330.6,6050,2195
906,557,347.55,2182.5,1260,4292,1246.78021978022,325,5979,2198.5
885,553,347.95,2150,1226.1,4240,1196.20879120879,326.1,6100,2121.25
875.1,552,344,2114.5,1215,4224,1194.99313186813,327,6111.6,2074.5
875,555,342.2,2070,1168,4240,1180.40521978022,319.8,6300,2046.25
877.5,538.4,345,2050,1185,4236,1167.51923076923,315.05,6361.2,2090
878,551,348.5,2010,1191,4200,1158.76648351648,317,6245.95,2050
865,541.8,347.05,1974.5,1137.7,4272,1142.23351648352,314.1,6055,1980
896,549.8,341,1975,1142,4580,1147.58241758242,320,6040,1959.25
882,537.3,336,1850,1106.05,4552,1091.90521978022,318,5952,1866
870.9,545,334,1838,1083.9,4540,1094.09340659341,312.5,5510.05,1884.25
839,545,335.6,1808,1103.9,4556.4,1097.98351648352,308,5600,1935
854,542.15,344.5,1770,1125.3,4512,1098.95604395604,300.2,5662.1,1991.5
851.05,556,344.35,1771,1113.3,4560,1132.99450549451,290.8,5760,2090
872.55,548.95,348.15,1879,1150.3,4560,1142.71978021978,302,5865.3,2143.5
880,550,355.55,1849,1119.7,4597.6,1157.30769230769,305,5855,2118.75
857,552.55,350,1845,1107.3,4552,1157.30769230769,305,5965,2084.75
861,548.9,346,1842,1072,4540,1050.32967032967,306.6,5775.6,1985.75
873.55,562.05,365.9,1820,1125,4680,1106.9793956044,320.5,5950,2050
887.4,571,360,1730,1126,4688,1060.05494505495,329.9,6029,1995
875,564.45,351.95,1682,1110,4684,1008.99725274725,317.8,5780,1930.25
884,558.6,355.2,1689,1125,4656,1006.56593406593,317.1,6424.95,1929.75
890,555,362.05,1640,1137,4716,996.840659340659,324,6370.9,1920.75
899.25,558,370.9,1700,1139,4680,1026.01648351648,327.1,6700,2001
885,541,371,1697,1121,4520,993.679945054945,318,6625,2015
880.1,539.1,364,1651,1109.65,4432,990.519230769231,307,6589.95,1999.75
878.5,535.3,370.4,1599.5,1118,4456,991.978021978022,313.5,6499.95,1955
855,522,356.05,1570,1100,4344,964.747252747253,307.9,6200,1905
865,520,358.9,1581,1074.9,4360,946.755494505495,305.2,6106,1990
858,531,360,1708,1158.2,4360,1004.62087912088,325,6229.85,2102.75
841,527,349,1553.5,1109.9,4328,953.076923076923,318.8,5977.9,2047.5
856,531.5,329,1616,1135,4388,945.296703296703,315.55,6150,2025
835.9,536,332.15,1583,1148.95,4491.6,952.590659340659,317.55,6150,1989.75
854.15,548,340,1658,1153.9,4532,962.802197802198,313.1,6080,1984.5
870.85,541.5,338.1,1650,1155,4532,971.068681318681,313.95,5952,1990
875,542.35,332.45,1562,1125,4492,920.010989010989,301.25,5870,1923.5
874,536,339.75,1576,1116,4500,914.175824175824,296.8,5830.5,1932.5
863,539,328.1,1553,1097,4452,897.885989010989,302.25,5795,1923.25
866,530,330.15,1587.5,1113,4520,899.587912087912,314,5816,1945
856,523.25,316.7,1600,1090,4392,948.700549450549,312,5970,1897.5
872.25,540,340,1725,1141.3,4528,1026.01648351648,318.75,6280,2008.5
875,540.1,334.9,1840,1145.1,4676,1062.48626373626,313.1,6397.5,2055
884,545,342.5,1834,1219,4680,1076.58791208791,314.1,6249,2088.5
870,538,338,1870,1200,4680,1073.91346153846,334,6338.55,2080
870.5,544,345.75,1806.5,1187.75,4588,1035.74175824176,325.3,6284,2049.25
874,538.05,341,1845,1215,4656,1058.10989010989,326.6,6450,2090
899.8,536.95,338.4,1802,1194,4584,1044.98076923077,323.2,6390.1,2069.25
900,544,347.05,1823.5,1195,4600,1060.54120879121,292.9,6420,2089
905,543,342.25,1820,1185.2,4584,1084.8543956044,298.4,6516.75,2087.5
879.9,535.4,344.2,1848,1188,4559.8,1070.75274725275,295.65,6464.5,2095
871,540,341,1880,1197,4624,1118.40659340659,296.9,6500,2150
867.6,541.05,339.7,1864.5,1199,4644,1111.11263736264,295.75,6541.1,2145.5
875.05,550.05,341.85,1937.5,1195,4748,1132.99450549451,297.5,6625,2190
860.1,558,342,1977,1235,4776,1144.66483516484,296.95,6658,2227.5
854,553,359.8,1970,1242,4756,1128.13186813187,294.6,6628,2187.5
853.75,556,353,1968,1241,4919.8,1142.23351648352,298.5,6882,2187.75
837,557.6,325,1888,1208.7,4800,1090.2032967033,294,6687.2,2125
863.9,553.7,331,1915,1205,4800,1107.95192307692,298,6700,2160
880,563,338.3,1980,1228,4840,1157.30769230769,298,6787,2210.5
860,565.2,342,1940,1216.5,4848,1146.85302197802,292,7000,2218.25
875,570,339.5,1980,1240,4848,1168.97802197802,288.65,6884.6,2264.5
885,566.05,346.1,1930,1233,4972,1152.20192307692,285,6823,2218.5
872,555,346.9,1850,1196,4898,1103.81868131868,276.4,6875,2170
868.95,557.6,345.9,1840.5,1215,4848,1084.36813186813,276.7,6980,2139
857,549.9,340,1812,1184,4700,1070.99587912088,282,7035,2142
852,549,337.6,1836,1194.65,4668,1083.3956043956,280.4,7125.1,2129.75
862,566,347.65,1883,1215.95,4740,1094.09340659341,281,7199,2156.25
869,583.75,350.65,1911,1235,4776,1129.59065934066,278.7,7370,2195
878,588.1,353.8,1916.5,1235,4982.2,1182.10714285714,277.45,7451,2225
884.3,595,369.95,1884,1256.3,4980,1161.9271978022,277,7350,2227.5
885.55,570.05,380.8,1900,1268.2,5000,1196.20879120879,280.4,7256.55,2317.5
887.95,560,369,1930.5,1250.1,4884,1249.6978021978,288.9,7019.95,2335
881,560,373,2010,1265,4856,1234.38049450549,288.2,6975,2370
863,553.2,373.6,1966.5,1260.05,4860,1225.38461538462,289.4,6843.1,2353.25
876.9,554.7,370,2011,1281,4919.6,1220.52197802198,289.9,6975.1,2320
889.5,560,371.3,1965,1277.8,4932,1193.77747252747,292,6999,2325
878.6,554.8,363,1916.5,1260,4848,1167.51923076923,284.5,6970.6,2338.5
866,557,361,1880,1248.8,4856,1108.68131868132,288,6813.4,2375
874.9,548.6,365.9,1873,1250.05,4800,1099.68543956044,288.7,7090,2365
875,541,358,1839.5,1246.7,4764,1064.91758241758,278,6975,2333.5
872,539.5,357,1805.5,1249,4764,1045.46703296703,279.85,7000,2316
864.9,545,364,1805,1269.8,4768,1039.875,280.5,7200,2295
889.4,533.45,352.05,1861.5,1262.4,4760,1069.78021978022,281,7300,2325
901.1,541.2,362,1885,1297.9,4800,1097.98351648352,286,7399,2395
895.9,540,366,1856.5,1298.7,4820,1069.78021978022,280,7370,2400.5
920,540,371.55,1871,1321,4835.8,1109.16758241758,284.5,7500,2500
927,545,374.2,1871.5,1313.9,4828,1123.26923076923,280.95,7744,2456.25
945.05,540,365,1850,1290,4840,1104.06181318681,281.45,7625,2450
951,543,365.9,1785,1289.05,4872,1094.33653846154,283.5,7777.1,2445
966.15,540.65,361.05,1771,1289,4814,1088.01510989011,285,7744.45,2500
965,540.25,366.2,1810,1305.1,4836,1101.38736263736,283.65,7775.9,2506.75
957.05,543.25,364.65,1730,1271.05,4816,1096.76785714286,280.2,7745,2461.25
955,543.3,367,1728,1263.9,4806,1079.50549450549,280,7777,2465
946.7,540.8,364,1689.5,1243,4760,1074.88598901099,280,7700,2411.75
962,541.8,364.2,1712,1250.5,4784,1103.81868131868,281,7500,2460
985,546.5,365,1758,1404,4832,1143.20604395604,280.2,7440,2510
990,546,363,1850,1475,4920,1165.81730769231,281.8,7538.05,2605
990,545,359.9,2000.5,1469.95,4988,1186.48351648352,287.9,7700,2575
985,550,373,1987.5,1481.2,5072,1201.31456043956,294,7665,2575
990,547.4,358.95,2060,1465,4964,1189.88736263736,293,7550,2625
1010,559.9,359.95,1980,1460,5012,1162.65659340659,297.55,7626.8,2553.5
1020,541.25,358.2,2010,1480,5056,1181.62087912088,309,8000,2640
1022,541,354.5,1972.5,1470,5080,1186.48351648352,309.45,7907,2715
1022.35,542,354.85,2000,1469.1,5068,1187.45604395604,306,7800,2699.5
1031.5,542.9,360.7,2105.5,1499,5040,1238.02747252747,307.95,7730,2675
1019,545.1,363.5,2100,1511,4915.6,1251.64285714286,307.45,7772.55,2720
996.95,543,366,2090.5,1491,4702,1235.10989010989,313.25,7701.05,2709.25
991,540,360.05,2008,1476,4704,1205.93406593407,306,7570,2655
998,541.9,364.3,2041,1469,4732.4,1203.25961538462,310,7496.2,2675
986,544.8,367.6,2099,1461.1,4720,1199.61263736264,309,7506.7,2660.25
998.4,546.6,367,2162,1509.95,4774.8,1184.0521978022,309,7650,2635
1010.45,553.95,373.35,2169,1500,4760,1176.27197802198,308.9,7630,2639.5
995,554.8,375,2080,1469.1,4712.8,1140.28846153846,311,7600,2580
991.5,559.9,376,2151.5,1507.9,4836,1167.2760989011,312.1,7550.45,2625
983,563,377,2140,1495,4789,1164.35851648352,314.9,7592.7,2595
984.1,563,370,2133,1490,4799.6,1166.06043956044,318,7585,2589.75
970,553.55,381.2,2070,1460,4796,1117.92032967033,309,7550,2525
975,556.9,395,2112.5,1440,4704,1124.48489010989,310,7560,2550
974.05,546,393,2174,1469.95,4665,1125.21428571429,308.95,7721,2575
983.6,543,389.6,2176.5,1483,4660,1144.66483516484,313.3,7690,2595
1002,555,396,2200,1490,4770.8,1163.38598901099,315,7704.2,2600.75
1003.55,565.8,410,2205,1499,4720,1180.64835164835,313.5,7979,2675
1004.25,560,410,2216.5,1550.35,4704,1176.75824175824,310.9,8150,2730
1001,560,404.5,2230,1566,4740,1217.6043956044,317.3,8170.1,2707.5
986.05,566.1,403.4,2235,1576,4701.8,1192.80494505495,325,8169.95,2698.5
991,558,402,2209.5,1559.9,4708.8,1184.53846153846,313.9,8097,2705
1013,565,406.15,2230.5,1552.3,4660,1196.20879120879,315,8200,2752.5
1028.75,569.85,402,2246,1561,4696,1225.38461538462,322,8600.15,2751
1025,572,405,2277.5,1570.05,4720,1277.9010989011,319,8636,2822
1009.5,570,406,2272,1557.95,4780,1273.03846153846,325,8550,2782.75
1019.05,569.05,425,2330,1565,4745.4,1312.91208791209,324.7,8700,2795
1031,557,427,2324,1585,4300,1293.46153846154,320,8800,2859
1030,548,413.1,2290.5,1575,4346,1288.5989010989,321.55,8780,2859.5
1027,511,412,2319,1570,4284,1300.75549450549,318.95,8607,2828.75
1029.3,539.9,411.8,2319,1575,4320,1298.32417582418,330,8641,2794
1043,540,410,2255.5,1561,4300,1274.01098901099,333.9,8717,2692
1047.8,537.45,410.65,2239.5,1575,4260,1278.87362637363,330,8860,2575
1074.7,542.9,413,2300,1588,4320,1308.04945054945,334.5,9011.05,2690.75
1068,546.9,414.15,2271.5,1594.95,4354.8,1275.46978021978,325,9900,2762.5
1072,548.5,411.65,2295,1602,4350.2,1329.44505494506,326.05,9850,2759.5
1136,552,424,2307,1589.8,4312,1317.77472527473,330,10330,2715.75
1120,545.5,423.35,2309.5,1561,4296,1249.6978021978,330,10520,2730
1124,558.65,424,2295.5,1495,4359.6,1215.65934065934,326.5,11250,2755.75
1130,552,425,2287,1509,4340,1193.29120879121,324.3,10960,2732.5
1155,553,414.4,2281.5,1495,4360,1186.72664835165,329,10240,2747.25
1130,547.3,406.8,2263,1480,4260,1182.83653846154,322.65,10285,2754.5
1154,547,416.8,2339,1516.05,4272,1200.58516483516,329.4,10300,2847.25
1149,546.6,424.9,2348,1508,4316,1193.29120879121,334.1,10037.05,2851.25
1147.05,551,420,2370,1500,4319.6,1199.36950549451,338.8,10055,2865
1130.3,541,405,2319,1480,4327.6,1167.03296703297,338,9910.55,2845
1133,546,409,2269.5,1480,4300,1187.21291208791,337.8,10006,2844.5
1137.95,540,402,2452,1491.2,4168,1211.5260989011,337.55,10188,2970
1130,536,404.6,2461,1505.45,4184,1209.33791208791,337,10139.1,2933.75
1114,531,405,2460.5,1492.5,4140,1206.42032967033,349.75,10225.55,2950
1108.55,529.2,404.9,2550,1486,4106,1230.73351648352,340.4,10188,2984.25
1120,519,400.9,2591,1493,4084.4,1238.51373626374,330,10200,2945
1122.05,516,407,2560,1493.95,4065.8,1221.98076923077,336,10167,2924.75
1124.5,520.1,408,2547.5,1480,4180,1216.38873626374,337.9,10101.6,2915
1120.15,519.6,406,2547,1475,4232,1210.31043956044,333.7,10047.35,2925
1101.1,504.9,396.3,2504,1455,4148,1210.55357142857,332,10400,2930
1126,491,410,2460.5,1435,4080,1195.96565934066,333,10481,2930
1118,479.9,403.5,2491.5,1465,4148,1222.46703296703,335,10888.7,2951
1150,490,408,2525,1473.85,4166,1249.6978021978,334.35,10820,2959.75
1157.1,492.5,418.2,2524.5,1510,4144,1254.31730769231,333.65,11180,2980
1160,483.95,418,2521,1509.45,4148,1274.01098901099,335.3,11210,2975
1170,485.1,418,2570,1510,4160,1274.01098901099,332.5,11250,3000
1205,486.8,445,2624.5,1515.9,4180,1327.98626373626,328.8,11268.95,3180
1178,478,423.5,2680,1515,4192,1356.43269230769,332.2,11600,3122.5
1183,476,433,2685.5,1537.9,4152,1346.95054945055,333,11794.5,3135
1165,477,422,2577,1498.6,4112,1298.32417582418,329.7,11200,2990
1154,483,414.9,2542.5,1463.5,4220,1303.18681318681,324,11000,2960
1166,482.5,415,2580.5,1475.2,4192,1322.63736263736,325,11100,3005
1170.3,479.2,406.2,2573.5,1476.1,4204,1327.5,325,11127,2960
1160,481,407.05,2555,1473,4200,1308.04945054945,324.6,11047.5,3010.25
1165,480.4,404,2560.5,1482,4216,1327.01373626374,328.1,10750,2994.75
1166.75,484.5,403.2,2545,1478.7,4204,1325.31181318681,328.4,10800,2988.5
1187,484.1,409,2570,1484.1,4224,1342.08791208791,332.85,10790,3040.75
1195,482.5,415,2584,1500.1,4236,1339.89972527473,328,11390,2975
1190,481.5,409.4,2544,1494.9,4164,1314.85714285714,329.1,11349.5,2800
1180.4,480.5,405,2523.5,1470,4142.8,1276.44230769231,335.2,11325,2747.5
1190,484.05,406.55,2500,1443,4160,1269.14835164835,333,11097,2710.5
1196,483.4,410.1,2549.5,1460,4164,1280.81868131868,330,11150,2774.75
1174,479,393.5,2461,1432,4124,1212.98489010989,327.3,10550,2694
1175,479,399,2526,1440,4152.4,1238.2706043956,322.5,10750,2719.75
1192.55,480.5,410,2564,1477,4160,1249.6978021978,329.55,10950,2760.25
1192,484,409.5,2620.5,1455,4194.8,1264.28571428571,322,10943,2753.75
1209,479.5,408.4,2617,1462,4164,1252.12912087912,321.75,10740,2675
1208,478.1,400,2570,1457,4120,1222.9532967033,319,10876.5,2655
1188,476.6,396,2590,1457,4058.2,1221.00824175824,320,10928.5,2689.75
1226.95,477,404,2554,1444,4117.8,1210.7967032967,319.8,10720,2649.75
1215.1,477.2,390.45,2512.5,1438.2,4240,1172.86813186813,315.8,10595,2607.5
1210,474.7,385.1,2540,1480,4144,1186.48351648352,315,10650,2611.5
1197.9,473.55,387,2548.5,1452.5,4120,1263.79945054945,311.5,10900,2619.25
1188.5,482.1,390,2573,1488.5,4168,1319.23351648352,312.55,11250,2684
1173,495.2,390,2550.5,1495,4164.4,1293.46153846154,314,11273,2684.75
1167.2,500.7,390,2600,1500,4140,1346.46428571429,312,11319,2704.5
1165,491,380,2599,1515.95,4160,1359.10714285714,313,11390,2649.75
1130,483.95,376,2640,1497,4119.6,1392.41620879121,322.7,11302,2615
1159,480,372.7,2613,1484.8,4080,1393.63186813187,319.8,11450,2485
1124.9,472,374,2590,1472,4063.6,1350.59752747253,320.05,11482,2435
1085,463.4,375,2566.5,1472,4028,1374.18131868132,317,11139,2444.5
1079,466,375.5,2593,1483.7,4004,1356.43269230769,327,10840,2450
1075,464,382,2575,1477.2,4039.4,1361.29532967033,325.3,10900.5,2440.5
1069,460,370,2544,1457,3952,1313.15521978022,326.8,10500,2350
1060,457.95,378.4,2509,1440,3938,1323.12362637363,327,10249,2371
1039.55,447.95,376.55,2462,1422,3867.6,1318.26098901099,326.55,10332.5,2370
1047.45,455,380,2480,1430,3929,1342.08791208791,318,10100,2424
1040.3,452,370,2540,1401.55,3944.2,1369.31868131868,319.5,9935,2430
1025,437,333.55,2395,1348.9,3760,1249.6978021978,308.7,9400,2275
1060,450,354.5,2670,1400,3844.2,1407.73351648352,320,9580,2475
1000,442,347,2789.5,1405,3760,1405.3021978022,325,9250,2507.5
970,445,337,2759.5,1385,3688,1353.27197802198,325,8632,2495
921,451.5,332.3,2834,1380,3704.4,1339.89972527473,316.5,8310,2417.75
934.35,447.9,324.7,2772.5,1375,3739.2,1298.32417582418,312.6,9010,2373.5
930,440,320,2784,1375,3719.2,1309.99450549451,307,8743,2381
925,438,304.5,2763,1375,3723.6,1293.46153846154,311,8850.5,2396
901,443,304.9,2615,1356.25,3687,1278.87362637363,302.1,8377,2349.5
915,455,309.9,2608,1359.9,3696,1290.30082417582,304.95,8660,2379.5
939.15,449.95,314.2,2584,1356,3693.2,1283.73626373626,304.7,8479,2395
946.85,455,312,2638,1352.65,3721.2,1273.52472527473,301.25,8300,2356.25
950,467,317.45,2537,1371,3979.2,1249.6978021978,306.4,8777,2320.5
942,461.45,307,2546,1360,3932,1244.83516483516,306,8975,2364
969,466,314.75,2544,1357.2,3880,1249.6978021978,310.05,9280,2329.5
968,468,326.45,2599,1387.95,3904,1297.83791208791,309,9300,2374.75
936.6,475,320,2533,1379.8,3876,1254.56043956044,308.7,9170,2329.5
910,462,312,2545,1360,3860,1264.04258241758,306.2,8947.5,2292.5
937.95,457.1,327.2,2588,1361,3866,1269.63461538462,306,9050,2305
937,458,324.5,2600.5,1362.35,3868.8,1276.44230769231,307,9070,2283.5
944.9,461.55,327.5,2587.5,1360.05,3866.4,1268.17582417582,306.55,9080,2249.75
937,458,328,2609.5,1374,3946,1282.5206043956,315,9100,2255.25
934,457.95,326.45,2694.5,1361.5,3924,1306.59065934066,307,8810,2235
920,454.3,322.95,2648.5,1374,3908,1278.87362637363,303.9,7820,2225
910,464,320.55,2655,1371.05,3966.2,1288.5989010989,296,8400,2268.5
912.95,467.9,322.15,2593.5,1354.8,3991.6,1259.42307692308,289,8350,2280.5
913,466.6,315.6,2657,1358.3,3996.8,1256.50549450549,290.2,8600,2389.5
906,463.7,322,2630.5,1360,4020,1244.83516483516,290,8500,2362
879.7,463.2,319.85,2612.5,1345,3992,1250.67032967033,290,8230,2349.5
868.7,466.15,319,2565.5,1355,4060,1227.32967032967,290.9,8100,2317.5
868,462.25,318.75,2540,1342,4011.6,1230.24725274725,295,7860,2282.5
871,460.15,310.5,2499.5,1316.4,3925.4,1232.9217032967,287,7681,2235
874,458.05,315.5,2487.5,1334,3956,1221.00824175824,289,8087,2160.75
870,455,309.85,2436,1338,3932.4,1210.7967032967,282.2,8140,2150
880,462,316.3,2496.5,1355,3998,1235.10989010989,289.3,8170,2187.25
880,467,313.15,2480,1338,4000,1235.10989010989,293.5,8210,2235
884,473,322,2475.5,1350,3981,1222.46703296703,299,8370,2230
895,475,326,2527.5,1350,4048,1243.37637362637,303,8550,2255
912.8,471.2,339,2436,1360.8,4009.4,1222.9532967033,300.6,8750,2242.75
902.45,468,348.15,2452,1370.55,3978.4,1235.10989010989,305.05,8840,2278.5
914,476.1,361.9,2449.5,1383,3996,1228.05906593407,307.45,8760,2274.5
916,477.4,360.95,2460,1398,3972,1251.88598901099,309,9072,2315
930,470,357.7,2465.5,1391,3896,1261.61126373626,306,8850,2298.5
918.4,472,356.1,2475,1376,3905,1259.42307692308,300.05,8850,2286
927.5,475,361.75,2481,1396,3912,1266.23076923077,301,9050,2253
934.1,476,361.25,2523.5,1412.8,3889,1292.00274725275,318,8950,2275
938.95,483,364,2520.5,1457,4105.4,1308.53571428571,314,8946,2295
932.85,482.15,358.35,2510.5,1435.1,3860,1288.5989010989,319,9000,2355
947,484.7,364,2566,1443,3839.2,1308.04945054945,314,9220,2393.75
960,482,360.1,2565,1445,3832,1303.18681318681,306.8,9200,2434.5
962.7,483.6,366.7,2570,1450,3804,1303.18681318681,309.4,9320,2430
960,477,367.9,2588,1449,3812,1298.32417582418,307.95,9230,2300
969,477.3,360,2510,1415.9,3788,1274.01098901099,305,9073,2238.75
962.25,480.2,369.1,2551,1395,3811.4,1254.56043956044,304,9350,2237.5
976.15,479.1,364.2,2551,1420.05,3795,1274.01098901099,309.5,9282,2257.5
981,469.9,372.05,2600,1451,3740,1278.87362637363,317,10000,2320
970,462,370.75,2660,1447,3754.8,1321.17857142857,317,9950,2360
976,464,371,2626.5,1444.9,3775.6,1316.8021978022,313,10580,2362
975,457.5,364.75,2616,1444.75,3687.6,1299.53983516484,310,10485,2329.5
994,455,370.35,2711,1480.1,3664,1369.07554945055,311.2,10668,2390
994,455.2,387.95,2730,1475,3736,1380.98901098901,321,10587,2425
988.55,455.5,384.9,2791,1490,3756,1376.61263736264,326.2,10525.5,2465
993,464,396,2780,1482.8,3739.6,1403.35714285714,326,10729,2484.75
1005,456,406.2,2778,1501.5,3760,1396.06318681319,317,10553.5,2465
998,460,422.05,2783,1505.7,3744,1391.92994505495,322,10550,2448.25
1008.25,464.65,427.1,2780.5,1495,3780,1385.85164835165,323.05,10433,2444.25
1008,466.3,430.8,2779.5,1505,3900,1385.85164835165,319,10590,2465
986.1,475.2,429.7,2734,1503,3930.2,1370.29120879121,319,10649.5,2455
980.4,475.05,427.85,2705.5,1492.9,3928.6,1385.85164835165,320.55,10600,2440
981.4,476,420,2765,1480.1,3968,1366.4010989011,319,10400,2440
974.95,480,423.7,2709,1471.9,4047.6,1357.64835164835,318.25,11075,2495.5
963,470,430,2693.5,1480,3995.6,1380.98901098901,317,10880,2475.5
980,476.1,434,2694.5,1482.9,4080,1372.72252747253,320.05,10907,2410
991,477,457.5,2712.5,1483,4050.8,1385.85164835165,324,10960,2525.25
1028,474.5,442.1,2719,1475,3964,1385.85164835165,330,10800,2625
1014.9,486,432.65,2710,1494,4022,1379.28708791209,329.3,10681.5,2638.75
1001.7,490.95,434.05,2683,1468.2,4044,1355.94642857143,330,10900.5,2554.5
1029,488.95,436.65,2700,1470.2,4058.4,1347.92307692308,323,11110,2557.5
1032,493,437.75,2735,1480.1,4100,1366.4010989011,323,10782.5,2580
1027.9,490,430.15,2660,1470,4040.4,1354.00137362637,321.6,10480,2539
1015,494,439.5,2655.5,1468,4079.2,1345.97802197802,322.85,10504,2570
1028,492,438.95,2703,1481.95,4096,1351.32692307692,325.7,10360,2603.75
1024,494,438.15,2685,1486,4080,1342.08791208791,325.4,10550,2525
1025,492,439.4,2698.5,1475.2,4029,1332.36263736264,319,10750,2551
1032,489,441.5,2748,1480,4046.8,1337.22527472527,319.1,10826,2600
1043,490,449.5,2780,1512,4130,1369.07554945055,302.5,11184,2615
1069,505,461,2725,1558,4140,1394.11813186813,297,11290,2567.75
1068.75,500,464,2788,1555,4048,1390.71428571429,293.25,11348.5,2572.25
1088,504,466,2796,1561.15,4140,1383.42032967033,293,11680,2587.25
1092,503.75,464,2750,1550.7,4116,1364.69917582418,290,11590,2594.5
1084,497,466,2740,1549,4084,1339.89972527473,292.9,11780,2490.25
1064,495,460,2714,1539.9,4080,1307.32005494506,291.95,11620,2429
1060.5,501.55,447,2685.5,1537,4112,1295.64972527473,292.85,11590,2440
1062,510,456.8,2699.5,1547,4161.6,1304.40247252747,298.1,11850,2445
1066,512,450,2763,1550.95,4132,1338.9271978022,294.7,11800,2450
1048,509,450,2800,1547,4105,1341.11538461538,292,11860,2470
1060,508,455.3,2829.5,1551,4140,1351.81318681319,291,11940,2540
1073,510,455.05,2883.5,1561,4136.8,1371.26373626374,295,11821,2502
1069,512,456.35,2924,1558,4104,1362.51098901099,290.45,11800,2500
1075,515.7,461.5,2943,1578,4108.4,1353.27197802198,292.1,11750,2475
1091.1,507.1,473,2928.5,1661.3,4020,1395.57692307692,298,11830,2497.75
1080.45,510,491,2957,1687.8,3980.4,1362.02472527473,290,11650,2530
1083,512.45,490.15,2921,1674.8,4000,1357.16208791209,286,11950,2539.5
1078.65,510,480,2894,1685.1,3928,1348.8956043956,285,12040,2515
1060.2,506,485.25,2898,1672,3820,1356.67582417582,286.9,12500,2559
1072.5,510,487.5,2940,1699,3888,1382.93406593407,288,12516,2575
1068.35,501.1,479.5,2893,1690.05,3896,1361.53846153846,289.5,12630,2527.5
1072,494.8,482.5,2914.5,1681.05,3728,1376.12637362637,290.65,12687.5,2534
1059,491.8,479.95,2905,1700,3700,1376.12637362637,283,12580,2520.5
1043,494,472.1,2919,1672.05,3719.2,1382.93406593407,279,12300,2499.5
1050,498.2,472,2842,1671,3680,1342.08791208791,283,12440,2482.5
1060.5,500,482.1,2865,1685,3736.8,1336.49587912088,283.75,12520,2450
1066,490,480,2825,1688.1,3675.2,1315.82967032967,278.5,12600,2430
1070,499,483,2879,1735,3719.2,1316.31593406593,278.7,12770.5,2507
1100.25,504,484.9,2865,1745,3732,1333.5782967033,278.5,13500,2600
1106,492.5,480,2860,1740,3680,1347.92307692308,277.8,13120,2615.5
1108,495.75,479.3,2830.5,1760,3700.2,1330.41758241758,275.75,12870,2538.25
1120,495,470.95,2908,1748,3699.2,1361.53846153846,278.25,12790,2547.5
1117.3,497,485,2887,1730.15,3697.2,1349.13873626374,275.3,12700,2530
1118.9,497,485,2931,1720,3740,1411.38049450549,280,12720,2530
1135,499.9,495,3002.5,1725,3744,1455.63049450549,282,12964,2605
1150,500,490.75,2962.5,1725,3744,1456.35989010989,280,12839,2545
1170,503.35,483.85,3003.5,1711,3799.6,1480.67307692308,280,12754,2565
1169.7,508.5,467.9,2970,1750,3788,1463.65384615385,278.15,12968.5,2590.25
1157.65,501.55,482.2,2951,1750,3780,1458.79120879121,278.85,13283.5,2625
1168,504.8,502,2992.5,1736.25,3800,1462.43818681319,275,13400,2584
1142,507,495,2980,1748.75,3860,1454.9010989011,277.55,13220,2533.75
1147.25,506.25,485.15,3010.5,1746.45,3808,1476.78296703297,277.95,13330,2520
1144,515,488.05,3080,1744,3820,1483.1043956044,276,13500,2514
1150,507,481.35,3047,1745,3796,1484.32005494505,275.35,12999,2490
1148,518,475.95,3048,1728,3824,1497.69230769231,278,13281.5,2480
1140,521.7,471.15,3090,1732.55,3831.2,1502.55494505495,277.3,12910,2517
1115.15,522.35,480.35,2950,1752,3852,1474.59478021978,274.5,12500,2513
1099.45,527,477,2891,1745.1,3828.6,1494.77472527473,268,12350,2505
1100,524.95,470.4,2840.5,1694,3839.6,1491.85714285714,264,12400,2500
1122,535,465.5,2900,1768.1,3920,1545.34615384615,267,12610,2540
1131.9,540,473.8,2881.5,1787.6,3970.8,1560.42032967033,268,13175.5,2545
1145.8,533.65,472.5,2839,1815.3,3941.2,1528.08379120879,260,13090,2525
1156,534,470,2894,1771,3964.6,1566.98489010989,268.3,13230,2584.5
1160,537.9,474.85,2872,1764.9,3876,1584.73351648352,263,13300,2570
1160,544.4,472,2892.5,1796,3883.8,1565.28296703297,265.5,13336,2560
1164.3,551.9,510.8,2880,1790,3876,1550.69505494506,268,13650,2545
1163,555,547.3,2910,1805,3860,1562.85164835165,265.8,13650,2570
1154.6,560,533,2880.5,1780,3928.2,1556.53021978022,263,13356.5,2551.5
1172,550.9,538,2923,1787,3844.4,1585.21978021978,265.6,13590,2562.5
1144.05,541,531.5,2888,1780,3760,1555.80082417582,264.65,13582,2575
1153.05,540,538.6,2870,1777,3772,1560.42032967033,262,13880,2573.5
1151.3,523.6,516.95,2860,1749,3838.8,1531.73076923077,260,13700,2550.25
1150,522,521.15,2853.5,1740.05,3828,1539.02472527473,260,13703,2545
1152,520.1,521.15,2845,1759.95,3820,1551.91071428571,257,13625,2554
1143,522,517,2840,1740,3807.6,1548.75,253.55,14150,2539.5
1145.5,513.8,517.7,2867.5,1735,3754.4,1539.51098901099,256.25,14105,2560
1158,512,514.45,2878,1755.25,3740,1423.78021978022,254,14149.5,2605
1150.8,508.2,529.9,2897.5,1760.3,3774,1422.56456043956,254,14090.5,2559
1158.75,512,522,2912.5,1759.7,3780,1426.6978021978,251,14160,2555.5
1163.7,510,518.35,2946.5,1740.6,3760,1410.16483516484,245.85,14047.5,2559.5
1153.95,513.7,512.95,2889.5,1723.05,3776.2,1422.32142857143,246,14013.5,2545
1134,514,516,2769.5,1691.6,3721.2,1401.41208791209,247,13412,2452.5
1113.55,518,509.05,2765.5,1704,3708,1419.89010989011,246,13840,2485
1103,520,514.9,2724,1701.55,3709.4,1424.26648351648,244.95,13737.5,2558.5
1096.8,518,534.4,2740,1690,3740,1415.02747252747,244.45,13810,2585
1121,516.1,539.4,2747,1695,3820,1422.80769230769,250.15,13900,2550.75
1112.65,521.6,539,2744.5,1686.6,3822.4,1410.16483516484,250,13800,2544.5
1144.95,514,533,2750,1702,3784,1429.61538461538,248.95,13720,2554.75
1131,510,534.95,2801,1696.8,3780,1434.47802197802,252.5,14000,2540
1120,512.8,533,2807,1705,3780,1410.16483516484,251.5,14490,2544.75
1131,536,536.85,2872,1737.95,3820,1422.32142857143,259,14100,2567.25
1135,526.1,530,2849,1740,3904,1405.78846153846,255,14350,2550
1132.7,520.2,526,2890,1742.52136752137,3895.8,1436.90934065934,256.9,14540,2531
1124.15,529,538,2896,1772.4358974359,4000,1457.81868131868,254,14900,2571.5
1118.1,534.2,534,2923.5,1755.98290598291,3893,1458.79120879121,250,14995,2565
1123.6,534.2,532.7,2920,1750,3939.6,1470.70467032967,247.2,15400,2533.5
1152,542,529.05,2924,1765.03205128205,3956,1475.56730769231,248.6,15163,2602
1155,544,531.2,2939,1771.98717948718,3920,1481.40247252747,256,15550,2605
1160,568.8,530.8,2910,1776.17521367521,3884,1461.70879120879,255.95,16044,2703.75
1111,581.9,545,2908.5,1767.94871794872,3924.4,1468.51648351648,263.4,16390,2695
1161,585.7,537,2954,1763.46153846154,3964,1484.32005494505,261.9,16059,2668
1128.5,580,535.95,2963.5,1750,3984,1483.1043956044,258.55,16300,2710
1146,580,538,2969.5,1770.94017094017,3976,1529.29945054945,261.8,16940,2656
1150,578.1,527.45,2955,1779.76495726496,3920,1476.78296703297,256,16700,2625
1152.8,579.9,533,2990,1779.24145299145,3991.4,1458.06181318681,251,17050,2582.5
1160.6,580,544,3137,1789.48717948718,4028,1473.37912087912,249.8,17028,2590
1150,589,540.15,3102,1784.32692307692,4020,1471.43406593407,252,17245,2585
1134,588.2,555,3074,1767.79914529915,3969.8,1465.5989010989,252.85,17062.5,2577.5
1155,578.2,563.55,3000,1755.98290598291,3940.8,1431.31730769231,242,17050,2530
1169,578.5,609.05,3055,1763.46153846154,3928,1445.17582417582,249,17500,2542.25
1150,580.2,611.4,3119,1766.37820512821,3880,1463.65384615385,250.1,18090,2532.5
1140,574,617,3036.5,1752.99145299145,3865,1432.0467032967,245,17730,2473.75
1150.4,572,618.55,3002,1729.05982905983,3887.6,1409.19230769231,242.8,16810,2443
1136,576.1,610,2951.5,1720.83333333333,3908,1380.98901098901,237.9,16260,2419.5
1145,581.2,614.45,2821,1712.60683760684,3940.6,1407.24725274725,237.1,17000,2453
1159.9,578,635,2799.5,1715,3936,1419.40384615385,237,17350,2465
1142.4,580,630,2837.5,1708.11965811966,4040,1441.77197802198,238.8,17300,2509.5
1135,576.5,621.05,2780,1697.57478632479,4086,1423.29395604396,247.6,17071.5,2482.5
1126.05,578.3,625,2790,1691.74145299145,3716,1438.8543956044,244,17003,2466.5
1135,579.5,622,2777.5,1699.1452991453,3570,1434.96428571429,240,17062.5,2480
1130,582,616.55,2745,1686.73076923077,3524.4,1435.93681318681,242,17047.5,2515
1154,580.2,611,2800,1690.09615384615,3628,1453.92857142857,242.1,17899.5,2524
1137,581.6,605,2820,1694.65811965812,3788,1458.79120879121,242,17730,2530
1155,580.4,612,2780,1693.16239316239,3773.6,1461.70879120879,243.9,18397,2542.75
1159,582.2,601.65,2775.5,1694.80769230769,3740.4,1464.86950549451,241.7,17853.5,2522.5
1149,591,613,2769.5,1705.12820512821,3712,1458.79120879121,241.5,17997.5,2525
1171,596,619,2779,1700.64102564103,3660.8,1458.79120879121,239,17720,2505
1216,594,613.4,2785,1704.67948717949,3685,1455.14423076923,239,18000,2530
1195.05,594.6,613.2,2773,1690.17094017094,3613.4,1444.2032967033,246.8,18010,2500.25
1206,595.8,648.8,2753,1682.24358974359,3596,1438.8543956044,249,17800,2524.5
1214.05,597.8,642,2769,1675.28846153846,3592,1439.34065934066,258.8,18899.5,2475
1199.6,600,641,2750,1693.16239316239,3584.4,1430.10164835165,253,19890,2483
1203.65,602,637,2729.5,1762.19017094017,3560,1429.61538461538,255.3,19015.5,2475
1237.15,604,639.8,2714.5,1824.78632478632,3524,1427.18406593407,255.25,19390,2481.75
1255,597.6,639,2750,1818.80341880342,3540,1416.48626373626,257,18960,2482.5
1252,563.2,633,2739,1830.61965811966,3545.6,1412.83928571429,257,19090,2525
1243,572.1,625,2714.5,1815.81196581197,3580,1428.15659340659,255.6,19000,2595
1244.25,569.4,635,2722.5,1814.39102564103,3640,1421.10576923077,262,19060,2580.5
1256,576,652,2704.5,1854.40170940171,3640.4,1424.50961538462,262,19180.5,2623
1253.05,578,640,2680,1839.6688034188,3661.2,1426.45467032967,258.2,19150,2595
1239,578,625,2700,1848.71794871795,3650,1410.16483516484,256,19000,2602.5
1229.8,582,615,2670.5,1836.75213675214,3632.8,1372.72252747253,254,19020,2555
1240,587.8,601.9,2618.5,1777.82051282051,3604,1355.7032967033,253,18600,2520
1190,582.4,600.05,2580,1738.03418803419,3584,1359.10714285714,257,18026,2480.75
1184,580.6,596.2,2600,1744.01709401709,3620,1385.85164835165,261.4,18600,2555.25
1160,577.2,592,2510,1706.62393162393,3592,1348.8956043956,260.95,18080,2543.75
1139.9,574,584.95,2543,1712.45726495727,3600,1346.95054945055,269.2,18617,2535
1132,563.1,594.95,2552,1720.38461538462,3632,1353.75824175824,273,18500.5,2545
1140,566.1,600,2511.5,1697.64957264957,3615.8,1352.78571428571,272,18750,2549.75
1155,564,610,2533,1702.13675213675,3596,1342.08791208791,270,18699,2527.5
1161,570,598.3,2515,1693.53632478632,3626.4,1320.20604395604,274,18650,2510
1169,574,617,2570,1705.12820512821,3688,1318.74725274725,276.05,19300,2525
1159.45,573.9,624.7,2561.5,1723.07692307692,3760,1325.06868131868,281.3,19410,2532.5
1166,573.1,615.65,2574,1729.05982905983,3744,1315.58653846154,285.6,19580,2595
1164,582.2,611.05,2520,1706.62393162393,3720,1298.81043956044,281.2,19320,2571
1167.95,587.7,617.2,2516,1712.60683760684,3720.2,1300.75549450549,283.5,19560.5,2615
1176,583.7,627,2531,1705.12820512821,3740,1336.73901098901,287.95,19690,2647.25
1171.5,584,630,2517.5,1712.60683760684,3740,1335.03708791209,290.95,18881,2635
1193,577.1,625.4,2460,1720.08547008547,3716,1305.13186813187,290,18840,2450
1178,590.1,613.5,2448,1718.58974358974,3720,1272.5521978022,290.9,18780,2323.75
1181,583.7,610,2432,1699.29487179487,3712.8,1255.53296703297,285,18400,2301.75
1173,593.2,605.9,2460,1697.64957264957,3780,1286.16758241758,292,18425,2255
1220,592,610,2799.5,1720.08547008547,3680,1421.3489010989,291,18250,2325
1200,595,590.75,3279.5,1802.35042735043,3760.6,1458.79120879121,289.1,17270,2365
1212,602.7,589.7,3200,1832.33974358974,3820,1424.75274725275,293.35,17750,2427.5
1180.1,592,590,3112.5,1836.75213675214,3816,1458.54807692308,290.8,18294,2430
1190,585,618,3122,1847.22222222222,3693.6,1458.79120879121,285,18000,2463
1185,590.7,642,3097.5,1833.76068376068,3696,1473.37912087912,288.3,17950,2625
1174.7,586,633,3200,1817.30769230769,3696,1517.14285714286,285.1,18350,2678
1181.25,588,658.1,3155,1811.39957264957,3690.8,1543.88736263736,291,18000,2675
1169,589.1,725.3,3241,1839.74358974359,3700,1535.86401098901,286.9,18150,2700
1160.05,599.1,783,3290,1829.2735042735,3714,1541.45604395604,287.1,18150,2675
1147.05,606,769,3186,1811.32478632479,3833,1518.60164835165,284.5,18000,2688.5
1172.2,603,746,3122.5,1823.2905982906,3834,1488.21016483516,287.85,17700,2740
1190.5,607.6,773.1,3150,1826.28205128205,3818.4,1508.63324175824,284.8,17500,2692.5
1180.1,604,778,3351,1854.70085470085,3842.4,1548.75,277,17482,2776
1175,597.6,769.8,3290,1840.49145299145,3800,1527.11126373626,275,17250,2694.75
1165,598,773,3279.5,1812.82051282051,3788,1524.92307692308,275.8,17410,2720
1180,592,775.9,3256,1823.14102564103,3804.6,1535.37774725275,272,17150,2712.5
1180,599.5,775,3432.5,1838.24786324786,3959.2,1575.49450549451,270,17851,2726.5
1160,589.1,792,3377,1854.70085470085,3878.8,1580.35714285714,272,17870,2712.5
1157.6,596.5,792.9,3348,1839.81837606838,3845.4,1556.04395604396,279.8,18150,2740
1196,589,820,3310,1832.26495726496,3860,1556.04395604396,276,18097.5,2734.75
1174.3,588.3,814,3360.5,1820.5235042735,3880,1559.93406593407,272,17650,2710
1162,586.9,815.9,3360,1820,3956.4,1558.47527472527,271.8,17638.5,2729.5
1159.6,587.8,838,3300,1821.12179487179,4000,1536.59340659341,271.5,17860,2725
1157,594,827,3353.5,1839.74358974359,3987.6,1536.59340659341,272.5,17732.5,2798.25
1170,592.9,823,3340,1824.63675213675,3956,1524.19368131868,276.5,17621,2807.5
1153.95,598,815,3268.5,1824.78632478632,3956,1527.84065934066,276,17500,2739.5
1147,592,824.75,3215.5,1827.77777777778,3910,1502.55494505495,275.1,17200,2687.5
1141,574,814.7,3150,1814.31623931624,3932,1483.1043956044,273,17110,2671.25
1122,576,813.5,3130,1820.29914529915,3944,1479.70054945055,265.1,16710,2675
1139,568,793.1,3177,1812.82051282051,3937.6,1480.67307692308,265.25,17060,2665
1120,573,780,3123,1767.94871794872,3950,1458.79120879121,267,16749,2672.5
1145,566,800,3169.5,1824.78632478632,4000.4,1491.12774725275,265,16810,2680.25
1135,564.4,812.5,3152.5,1824.78632478632,3988,1522.00549450549,265.75,17100,2749.5
1135.7,580,820.55,3179.5,1824.78632478632,4012,1512.28021978022,273,17080,2735
1117,570,822,3184,1799.35897435897,4048,1492.82967032967,265.8,16850,2690
1117.1,572.6,820,3142,1784.55128205128,4021,1473.37912087912,262.65,16665,2680
1129,580,829.4,3178,1800.8547008547,4060,1493.55906593407,269,17000,2725
1134,576,835,3108,1793.37606837607,4060,1468.51648351648,271,17280,2710
1155,591.6,844.5,3190,1825.23504273504,4061.4,1502.55494505495,268.15,17380,2749.75
1136.7,588.7,868,3182,1824.78632478632,4019.2,1526.86813186813,272.45,17500,2750
1143.9,596,864.65,3177,1842.88461538462,4053.2,1541.21291208791,270.55,17750,2769.5
1139,595.3,860,3170,1875.71581196581,4077.6,1531.24450549451,268,17532.5,2747
1141.9,606,859.7,3188,1895.90811965812,4119.2,1536.59340659341,266,17890,2778.75
1158,606,855.3,3170,1898.07692307692,4116,1540.48351648352,264,17910,2762.5
1144,613.2,849,3146,1878.63247863248,4127.6,1520.30357142857,262.3,17700,2721.75
1139.2,613,840,3093,1883.11965811966,4120,1527.11126373626,263,17600,2737
1160,626.8,850,3100,1891.94444444444,4160,1517.14285714286,265.95,17768,2812
1145,630,855,3081,1900.32051282051,4148.8,1508.39010989011,267,17250,2816.75
1150,640,861,3049,1876.53846153846,4140,1507.41758241758,271,17240,2800.25
1149.5,619.9,855,3040,1918.11965811966,4088,1531.73076923077,272.3,17197.5,2824.75
1172,628,892.5,3110,1974.35897435897,4061.2,1523.22115384615,279.55,17569.5,2810
1184,620,912,3066,1962.39316239316,4060,1522.00549450549,279.7,18250,2815.75
1180,625,925.1,3070,2006.96581196581,4160,1531.73076923077,298,18400,2825
1191.9,636,935,3041,2002.77777777778,4199.6,1519.57417582418,307,18197.5,2834.5
1178,649.8,918,3015,1978.84615384615,4212,1517.14285714286,308.9,17931,2809.75
1195,642.1,907,3042.5,1982.28632478632,4356,1504.74313186813,308,17640,2800
1192,637.6,908.8,3032,1992.68162393162,4314,1552.64010989011,309,18000,2778.75
1201.25,630,925,3020,1984.90384615385,4320,1602.23901098901,306,17423,2807.75
1189.55,664.3,903,2952,1983.33333333333,4472,1604.67032967033,291.65,16910,2805
1195,648,885.25,3141.5,2027.45726495726,4596,1701.92307692308,296,17050,2998.5
1192,654.4,899.9,3027.5,2036.50641025641,4595.6,1685.39010989011,284,16606,2933.5
1195,639,898,3094,2049.96794871795,4566.8,1716.51098901099,285.15,17390,2955
1177,641.6,919.9,3062.5,2101.49572649573,4604.8,1712.86401098901,288,17100,3080.5
1170,633,903.9,3178,2108.07692307692,4711.2,1746.17307692308,294,16950,3110
1152,631.8,888,3330,2093.11965811966,4737.6,1720.64423076923,294,17420,3050
1151,625.1,881,3138,2116.75213675214,4660,1750.54945054945,299.4,17104,3085
1150,621,900.4,3110.5,2133.80341880342,4722,1728.66758241758,300.5,17200,3040
1130,614,884,3130,2137.31837606838,4640,1699.00549450549,304,16740,2950.25
1149.5,614,870,3160.5,2176.28205128205,4600,1700.46428571429,300,16770,2960
1146,602.5,815,3020,2173.2905982906,4560,1653.2967032967,294,17180,2905.5
1125,596,814.45,2927,2091.92307692308,4552,1604.18406593407,292,16080,2790
1113.55,588.9,775,2860,1981.83760683761,4436,1550.45192307692,285.1,15530,2720.25
1115,622.9,790,2956,2050.64102564103,4448.4,1628.98351648352,293.15,16800,2946.5
1125.3,582,785.5,2930,2007.5641025641,4481.2,1615.61126373626,296,16557,2802.75
1110,577,791,2979.5,1988.86752136752,4499.6,1575.49450549451,298,16380,2799.5
1134.8,578,802.5,2880,1993.80341880342,4448,1623.63461538462,302,16290,2828.75
1145,583.2,818.9,2890,2023.79273504273,4416,1591.78434065934,301.95,16450,2816
1155,588,814.5,2750,2034.18803418803,4400.4,1561.39285714286,307.5,16800,2672.75
1136.7,588.8,810,2800.5,2020.7264957265,4484,1609.53296703297,309.9,16871,2721
1145,585.2,808,2712,1986.25,4500.8,1580.35714285714,303.9,16575.5,2688.75
1122,577.1,804.5,2682,1930.98290598291,4528,1560.66346153846,304.75,16300,2710
1129,583.5,836.1,2720,1950.35256410256,4584,1531.73076923077,310.25,16420,2668.5
1125.65,584.6,821,2716,1917.3717948718,4595.6,1550.69505494506,309.7,15986,2668
1119.9,586.6,821.95,2730.5,1932.47863247863,4660,1553.61263736264,312,16050,2625
1102.1,590,819.9,2800,1949.67948717949,4628,1571.11813186813,310.7,16350,2686
1103.05,584.2,825,2739.5,2015.94017094017,4568.4,1599.80769230769,312.05,16839,2752.75
1110.4,580,824,2648,1989.31623931624,4592.2,1531.73076923077,307.8,16560,2675
1120.25,586,820,2668,1978.84615384615,4693.8,1522.00549450549,310,16350,2627.25
1118.55,584.2,810.5,2608,1965.38461538462,4640,1482.13186813187,311,16700,2624
1108.85,582.5,814,2660,1957.90598290598,4669,1499.63736263736,305.8,16450,2628
1102.55,572.5,806,2559.5,1914.52991452991,4605.2,1419.89010989011,306.9,16375.5,2567.25
1113.35,570.4,819,2470,1889.4764957265,4576,1400.43956043956,308.9,16346.5,2587.5
1129.5,570,818.75,2570.5,1926.49572649573,4640.8,1463.41071428571,305,16281.5,2606
1134.15,579.8,830,2540,1944.89316239316,4681.2,1431.07417582418,306,16640,2530.25
1130.95,587,842,2518.5,1959.40170940171,4704.8,1462.19505494505,298,16650,2595
1140,590.2,852,2520.5,1951.92307692308,4716,1463.89697802198,291.25,16650,2636
1135,590,868.95,2579,1951.92307692308,4720,1492.34340659341,294.5,17187,2655.5
1160,592,872,2530,1944.07051282051,4739.2,1472.40659340659,280.4,17100,2664.5
1125.5,591.5,872,2530,1920.51282051282,4658.8,1449.5521978022,278.35,16950,2605.75
1103,572.8,869,2470,1922.00854700855,4588.6,1422.56456043956,269.6,16310,2567
1100,584,871.25,2510,1938.91025641026,4652.4,1432.28983516484,270.35,16560,2603
1102.1,591.1,875.05,2469,1962.99145299145,4667.6,1408.21978021978,273,17050,2624.5
1082,572,880,2386,1921.93376068376,4580,1346.95054945055,267.9,16681.5,2555
1110,570.4,899,2350,1895.08547008547,4668,1339.89972527473,269.95,16920,2500
1118,558,951,2507,1949.75427350427,4580,1376.12637362637,273.6,17500,2549
1121.05,546.9,942.55,2524,1950.27777777778,4612,1376.12637362637,275.4,17720,2556.25
1125,562.9,940,2510,1961.19658119658,4542,1322.63736263736,283.5,17697.5,2547
1150,576,947,2498,1996.79487179487,4547.2,1266.71703296703,275,18250,2465.5
1159.95,568.3,938,2510,1993.80341880342,4562,1302.21428571429,279,18390,2510
1153.05,565.2,914,2512,1959.92521367521,4536.2,1307.56318681319,275,18620,2497.25
1145.2,575.9,920,2600,1960.89743589744,4560,1352.54258241758,276.65,19170,2525
1150,567.9,945.35,2612,1968.37606837607,4519.6,1354.48763736264,275.55,19500,2514
1158.5,557.6,964,2606.5,1989.31623931624,4508,1361.53846153846,275,19410,2615.5
1156,572,964,2632.5,2032.69230769231,4472,1409.19230769231,281.5,19350,2750
1165,575.9,978.5,2570,2022.52136752137,4531.6,1381.96153846154,283.95,19250,2676.75
1169.9,575.2,983.1,2540.5,2030.37393162393,4698,1398.00824175824,283,19490,2755
1160,580,983,2490,2009.2094017094,4397.2,1389.25549450549,285.35,19011,2692.5
1183.9,580.2,985,2515,2047.64957264957,4527.8,1400.43956043956,287,19510,2723.5
1176,572.5,1003.5,2490,2026.85897435897,4496,1424.75274725275,285.1,19500,2675
1180,588,977.15,2479,2034.18803418803,4496,1411.13736263736,284.35,19329,2601.75
1167,585.6,955,2455,2070.53418803419,4554,1404.81593406593,284.6,19081.5,2571
1150.05,600,963.3,2425,2049.1452991453,4664,1361.53846153846,291.95,18940,2549.5
1176,593.6,966,2420,2034.03846153846,4740,1356.67582417582,290,19045.5,2532.25
1160.05,578,955,2405,2056.62393162393,4616,1375.15384615385,290,19254.5,2525
1163.8,554,972,2381,2035.68376068376,4660,1361.53846153846,292,18990,2492
1163,556,965.5,2320,2016.53846153846,4720,1342.81730769231,288.9,19015.5,2395
1185,556,973.9,2450,2064.40170940171,4752,1405.3021978022,286,19206,2675.25
1200,557.5,981,2464,2118.39743589744,4800,1384.14972527473,281.1,19100,2600
1221.75,552,966,2400.5,2094.83974358974,4792,1351.81318681319,280,19000,2590
1206,546.8,957,2430,2067.09401709402,4760,1363.96978021978,279.4,18990,2665.25
1194.25,536,963.7,2420,2047.64957264957,4708.4,1382.69093406593,272.85,18616,2625
1216,550,980,2475,2077.5641025641,4706.2,1470.9478021978,268,18900,2675.75
1200,541,968.2,2499.5,2040.17094017094,4680,1491.85714285714,268,18525.5,2707.5
1234,541.2,986,2473,2065.59829059829,4660,1503.52747252747,267.65,18390,2742.5
1235,539.6,996,2471.5,2036.50641025641,4682,1492.82967032967,271,18350,2735
1280,544,957.5,2500,2074.12393162393,4700,1509.36263736264,271,18600,2760
1296,546.2,925,2538,2056.62393162393,4757.2,1505.95879120879,269.1,18610,2769.5
1303,547.9,925,2457.5,2037.17948717949,4770.2,1483.1043956044,264,18820.5,2737.5
1323,550.8,932,2450,2043.16239316239,4795.6,1450.28159340659,266.55,19300,2705
1309,552.8,925,2429,2025.21367521368,4744,1438.8543956044,271.7,20788,2690
1307,538,934.5,2427,1968.37606837607,4720,1398.00824175824,264,21442,2665
1301.85,528,911.5,2443,1963.88888888889,4702.4,1403.11401098901,272,21058,2644.5
1287.9,532,911.6,2542,1969.8717948718,4787.2,1407.24725274725,278,21570,2610
1280,526.8,915,2647,1996.79487179487,4769.8,1424.75274725275,275.5,20810,2607
1295,528.7,914,2682,2006.36752136752,4892,1446.63461538462,281.8,21060,2675
1299,528.7,924,2675,2014.81837606838,4913.2,1430.34478021978,276.1,21340,2711.25
1325,525,922,2701,2086.53846153846,4880,1453.92857142857,285.45,21300,2732.5
1295,526,914.9,2616,2064.10256410256,4866.8,1395.57692307692,280,20602.5,2725
1311.9,521.7,916.55,2674,2043.23717948718,4868,1381.47527472527,293,21400,2715
1305.6,528,906.5,2695,2063.72863247863,4927.6,1415.2706043956,295,21320,2725
1295,529.9,902,2688.5,2061.11111111111,4880,1428.39972527473,294,21046,2700
1281,526,881.5,2620,2040.17094017094,4900.4,1398.00824175824,292.9,20658,2680
1272.9,513.7,856,2630,1993.80341880342,4884.8,1384.87912087912,288.9,21190,2650
1265,517.9,900,2714,2025.21367521368,4952,1397.52197802198,289.95,21730,2665
1278.6,523.2,888.55,2690.5,2023.71794871795,4999.6,1419.89010989011,289,21708,2710
1280,534,898.15,2737,2004.2735042735,5039,1385.85164835165,290.9,22050,2699.75
1281,532.4,905,2736.5,2019.23076923077,5060,1396.30631868132,287.8,22560,2705
1294.85,540,908.5,2840,2041.66666666667,5060,1410.16483516484,286.95,22700,2691.25
1280.1,538,920,2870,2034.18803418803,5036,1417.45879120879,283,22330,2717.25
1298,540,910,2827,2004.2735042735,4954.8,1395.57692307692,285,22520,2643.5
1290,537.4,900,2775,1989.31623931624,5140,1385.60851648352,280,22899.5,2645
1277,531.4,897,2760,1977.05128205128,5064,1442.01510989011,273.95,22450,2625
1270,523.3,890,2725.5,1959.40170940171,4980,1419.89010989011,270.1,22850,2609.5
1272.05,525.6,892,2744,1959.40170940171,5000,1427.91346153846,270.05,22680,2619.75
1263.75,512.1,870,2680,1925.29914529915,4982,1449.5521978022,266,22691.5,2577.25
1273,517.8,870,2730,1955.51282051282,5000,1458.30494505495,264.4,23850,2623.25
1259,515,860,2670,1898.07692307692,5079.6,1397.52197802198,259,23890,2600
1278,519.8,870.2,2680,1901.06837606838,5124.6,1402.87087912088,265,23800,2583
1270,512,865.5,2600,1846.84829059829,5076.8,1355.7032967033,265.25,23580,2550
1264.85,518.8,828.9,2576,1851.7094017094,5180.8,1322.63736263736,260,22770,2531.75
1265.05,534.6,880.55,2599,1910.86538461538,5255.6,1337.22527472527,264,22990,2555
1294,518.3,888,2600,1884.61538461538,5360,1337.22527472527,261.1,23050,2563
1298,525.3,891.1,2570,1863.82478632479,5412,1328.2293956044,261,23487,2560
1306.3,524,869,2571,1889.10256410256,5399.2,1329.93131868132,269.2,23360,2577.75
1327.5,524.5,837,2569,1873.92094017094,5120,1313.64148351648,270.2,23510,2550.25
1334,526,835,2580,1900.02136752137,5170.2,1323.12362637363,272,23650,2571
1362,536,822,2621,1929.48717948718,5220.8,1322.63736263736,272,23690,2650
1367,546,832,2634.5,1933.82478632479,5240,1337.22527472527,277.9,23700,2667
1370,547.9,820,2619,1910.11752136752,5296,1317.77472527473,266.35,23669,2697.25
1358,558.9,810.55,2619,1952.67094017094,5240,1324.58241758242,267.85,24490,2700
1370,558,841,2570,1941.45299145299,5300,1296.86538461538,271.7,24770,2620
1361.3,566,831.25,2509.5,1926.42094017094,5330.8,1268.90521978022,261.55,24850,2615
1385.6,573.8,845.1,2600,1927.24358974359,5360,1297.10851648352,266,24948,2711.75
1398,572,851,2591,1928.36538461538,5289.6,1276.44230769231,262,25000,2640
1400,573,871.7,2609,1882.8952991453,5284.2,1273.76785714286,261.2,25200,2638
1421.55,576,862.75,2615,1902.5641025641,5400.4,1288.5989010989,263.85,27250,2672.5
1440,558.8,860,2664,1925,5448,1336.73901098901,263,27600,2714.75
1454,546.9,867.15,2694,1996.79487179487,5520,1332.60576923077,269,27298,2735
1451.85,551.6,866,2750,2002.77777777778,5520,1337.22527472527,264.5,27029.5,2685
1449,545.5,856.1,2890,1955.66239316239,5520,1385.85164835165,266.65,26840,2725
1449,548.9,889.7,2880,1972.86324786325,5540,1450.03846153846,264.9,27207.5,2775
1435.4,547,894,2974,1954.01709401709,5400,1491.37087912088,264.9,26710.5,2910
1460,555.8,912,2950,1956.41025641026,5463.4,1468.51648351648,261.5,27209.5,2762.25
1431,555.7,922,2939,1947.28632478632,5420.4,1439.82692307692,274.05,27240,2732.5
1436,558.6,925,2954,1919.16666666667,5440,1458.79120879121,273.5,27348,2739
1412,557,930,3005,1929.56196581197,5460,1512.28021978022,278,26820,2873
1409.75,553.4,900,3094,1941.60256410256,5468,1532.46016483516,283,26990,2982.5
1425,556,925.5,3055,1937.78846153846,5472.4,1522.49175824176,280,27555,2978.75
1426,553.8,935.2,3130,1944.51923076923,5464.2,1556.04395604396,276.3,28180,2980
1416,558,915.3,3177,1922.00854700855,5529.2,1619.50137362637,280.2,28259.5,3105
1424,562,917,2964,1893.44017094017,5540,1565.76923076923,280,28068,3069.5
1412,568,915.1,2969.5,1894.71153846154,5641.4,1578.41208791209,279.25,27669.5,3039.75
1403.9,571.7,926,2939.5,1875.49145299145,5645,1609.0467032967,281.9,28350,3074.75
1408,564.6,935,2959,1860.68376068376,5731.4,1636.5206043956,283.05,28649.5,3155
1408.95,560,947,3040,1944.44444444444,5554.8,1658.15934065934,282.1,28577.5,3174.5
1414.65,575.9,930,3081,1992.15811965812,5544.4,1645.27335164835,284.5,28428.5,3125
1405.5,578,921.05,3079,1983.48290598291,5553.2,1643.08516483516,292,28999,3215
1397,581.8,914,3012.5,2028.20512820513,5570.2,1632.87362637363,288.5,28950,3187.5
1397,585.8,898.8,3032.5,2019.75427350427,5533.4,1610.74862637363,292.4,29410,3200.75
1400.1,598,898.75,3087,2034.48717948718,5664,1658.6456043956,295,29842.5,3255.5
1409.3,594,890,3069,2028.20512820513,5740,1643.57142857143,294.7,29310,3293.25
1394,596,882,3100,2029.70085470085,5644,1652.81043956044,287.7,29939.5,3300.5
1376.5,600,876.25,3073,2023.71794871795,5688,1681.5,286.5,29300,3255
1375,656,892.3,3120,2056.62393162393,5832,1666.42582417582,286.7,28849.5,3252.5
1366.8,620,915.05,3077,2046.15384615385,5789.6,1632.87362637363,287.65,27378,3185
1310.15,630,879.5,2969,2034.03846153846,5934,1598.10576923077,280,27490,3215
1330.2,638,872.55,2983,2021.17521367521,5876,1607.58791208791,279.95,27600,3212
1327,643.9,870.1,2965,2014.1452991453,5864.4,1598.83516483516,283.2,27100,3195.25
1310.4,649,868.95,2910,2021.25,5896,1613.42307692308,286.55,27230,3225
1300,655.9,859.85,2883,2014.6688034188,5874.4,1622.41895604396,282,26210,3265.25
1297,648,818.5,2839,1992.15811965812,5944,1588.13736263736,284.2,26100,3276.5
1280.55,659.4,834.9,2900,2027.00854700855,5940,1586.19230769231,281.8,26348,3200.25
1331,662,838,2895,2028.20512820513,5891.2,1594.94505494505,277,26600,3185
1314.75,658,820,2856,2010.63034188034,5856,1579.87087912088,275,25950,3122.25
1309.8,669.8,812.1,2760.5,1998.2905982906,5800,1551.18131868132,275,26000,3067
1294,665.3,830.1,2749,2002.25427350427,5752,1575.00824175824,283,25210,3098
1305,665,800,2722.5,1989.31623931624,5672,1546.31868131868,276,24070,3000
1271.9,666,787,2649,1971.36752136752,5760,1497.20604395604,282.95,22447,2998
1308,657.1,813,2725.5,1975.92948717949,5904,1531.73076923077,279,23298,3107.25
1286.5,642,830,2640.5,1996.79487179487,5756,1531.73076923077,274.05,23205.5,3091.25
1305,639.9,825,2668.5,1962.39316239316,5760,1492.82967032967,277.75,22480,3004.5
1300,647.9,798,2655,1902.71367521368,5880.8,1484.56318681319,266,21710,3069
1270,660.3,814,2740,1865.17094017094,5957.6,1517.14285714286,272.9,22120,2997.25
1239.5,650,785,2689.5,1884.61538461538,5824,1458.79120879121,276.55,21800,2835
1223.95,652,785,2710,1883.86752136752,5688,1539.02472527473,274.95,21620,2934.75
1216,643,790,2591.5,1841.61324786325,5800.4,1490.88461538462,265,19980,2840
1256,636,819.45,2687,1832.26495726496,5728,1521.51923076923,269.25,19880.5,2801.75
1215,643.5,752.85,2619.5,1832.48931623932,5745.2,1497.20604395604,272.9,20860,2782.25
1208,618.2,771,2688,1839.74358974359,5519.2,1507.41758241758,269,21000,2828
1235,626.6,781,2650,1827.77777777778,5416,1523.22115384615,268,22298.5,2942.5
1260,632.6,810,2633.5,1833.16239316239,5520,1550.20879120879,281.75,23180,2930
1272.05,649.9,817.95,2648,1824.9358974359,5672,1529.29945054945,278.95,23250,2885
1278.1,649.6,817,2744.5,1844.30555555556,5656,1580.35714285714,278.5,23480,2970
1267.9,650,814,2600,1799.35897435897,5518.4,1530.27197802198,279.65,21640,2873
1260,662,791.05,2645.5,1812.82051282051,5528,1554.0989010989,276,21820,2845
1133,639.1,775.1,2583,1791.88034188034,5432,1569.17307692308,276,20989,2792
1164,620.4,782.95,2595,1809.90384615385,5304.4,1595.43131868132,280,21620.5,2862.5
1180,596,788,2548,1823.06623931624,5144,1555.07142857143,275.45,22950,2793.5
1203,637.8,791.5,2540,1799.05982905983,5160.8,1559.93406593407,284,23350,2810.5
1190.25,647.4,819,2489.5,1809.82905982906,5064,1599.32142857143,281,23577,2709
1192,654.2,827.85,2672,1884.61538461538,5120,1696.57417582418,286.8,24300,2825
1210,656.5,834.95,2750,1895.08547008547,5320,1673.47664835165,265,23800,2826
1229,663,849.9,2825,1998.51495726496,5551.2,1731.58516483516,265.4,23780,2901.5
1240,658,863,2871,2010.25641025641,5344.8,1733.53021978022,259.45,24374,3065
1254,633.8,869.5,2860,2032.69230769231,5304,1709.7032967033,262,23990,3135
1242,647.9,872,2978,2020.7264957265,5352,1700.95054945055,264.8,23660.5,3160
1250,650.2,856,2899,2049.1452991453,5395.6,1735.23214285714,266.1,23600,3075
1265,656,857,2871,2041.66666666667,5417.6,1736.20467032967,268,23589.5,3057
1298.9,649.8,848.5,2840,2048.99572649573,5328,1739.85164835165,270,23750,3063
1279,644.8,893.8,2765,2041.66666666667,5328,1692.1978021978,268.8,22670,3049
1322,652,895,2800.5,2082.05128205128,5352,1768.05494505495,266.9,22980,3116.5
1319.9,640,881,2837,2071.65598290598,5227.6,1774.86263736264,264.2,22930,3063.75
1320,649.4,925,2860.5,2095.51282051282,5312,1804.03846153846,265.65,23510,3128.25
1332.9,651.9,922.2,2920,2097.00854700855,5240,1799.17582417582,265.1,24140,3100
1321,662.4,918.5,2865,2108.97435897436,5188.4,1762.94917582418,263.8,23600,3080
1326.25,644,915,2840,2109.42307692308,5136,1731.0989010989,262,24100,3060
1330,633.8,929.9,2865,2098.50427350427,4991.2,1746.41620879121,261,24360,3131.5
1330,609.2,913.45,2835,2109.42307692308,4988,1730.61263736264,256.5,23910,3081.25
1305.05,633,910,2850,2125.87606837607,5016,1733.53021978022,252.7,23927,3150
1341,636,917,2895,2139.03846153846,5144,1739.36538461538,252.5,24500,3136
1332.2,628,925,2887.5,2110.54487179487,5376,1762.21978021978,251.95,24344.5,3155.5
1352,624,933,2896.5,2135.82264957265,5304,1767.81181318681,248,25360,3160
1349.9,651,931,2874,2146.36752136752,5364,1749.57692307692,246.45,25490,3153
1346,654,938,2875.5,2130.81196581197,5391.2,1713.35027472527,251.5,25080,3123.75
1330,662.1,923.9,2820,2113.46153846154,5457.6,1730.12637362637,251.8,25310,3107.5
1330,671,913,2771,2079.05982905983,5402.4,1699.00549450549,246,24840,3069.5
1311.8,669.6,909.6,2765.5,2076.96581196581,5364,1701.43681318681,242,24490,3006.5
1299,659.6,915.95,2611,2069.9358974359,5424,1687.33516483516,236,24151,2990.25
1263,652,900,2690,2028.20512820513,5321.2,1643.57142857143,235,23350,2909
1323.95,660,935.1,2835,2043.23717948718,5399.6,1674.69230769231,241.85,24499,3021.25
1340,665.9,934.9,2896,2111.96581196581,5434,1712.37774725275,249.35,25066,3125
1335,677.5,943,2900,2131.26068376068,5561.2,1701.43681318681,244.95,24889,3090
1342,673.8,931.6,2896,2086.53846153846,5704,1711.64835164835,247.15,24880,3115
1344.5,675.6,933,2883,2104.48717948718,5552,1740.82417582418,253.3,24700,3096.5
1370,677.4,933.05,2945,2136.6452991453,5384,1773.16071428571,252.3,25500,3115
1392,675.8,929,2994,2141.50641025641,5301.6,1769.02747252747,249.5,25700,3190
1444,678,926,2940,2170.44871794872,5285.6,1764.40796703297,251.5,26144,3165
1390,657.1,905,2925,2129.16666666667,5264,1719.91483516484,254,25970,3125
1372.6,654,879,2930,2098.50427350427,5191.2,1710.43269230769,249.9,25550,3065
1362.5,653,899,2952,2137.39316239316,5216.8,1737.42032967033,247.55,26300,3135
1372.1,656.2,905,2947,2116.45299145299,5302.4,1737.66346153846,242.8,25901.5,3114.75
1379.5,660,928,2965,2159.82905982906,5272,1758.32967032967,243,26650,3145.5
